config_id,epoca,error_training,error_test,entrada,salida,capas_ocultas,activacion,eta,beta,activation,error_function,batch,noise_stddev
0,0,9.999594135888723,2.2461435455556225,ej3/perceptron_data/TP3-ej3-digitos.txt,35,"[35, 10, 10, 10, 10]",LOGISTIC,0.1,1,LOGISTIC,QUADRATIC_MULTILAYER,5,0.0001
0,1,7.050420449445421,1.7581506937509537,ej3/perceptron_data/TP3-ej3-digitos.txt,35,"[35, 10, 10, 10, 10]",LOGISTIC,0.1,1,LOGISTIC,QUADRATIC_MULTILAYER,5,0.0001
0,2,6.261972297173768,1.7741641654149434,ej3/perceptron_data/TP3-ej3-digitos.txt,35,"[35, 10, 10, 10, 10]",LOGISTIC,0.1,1,LOGISTIC,QUADRATIC_MULTILAYER,5,0.0001
0,3,5.7821693536106356,1.7222661155650756,ej3/perceptron_data/TP3-ej3-digitos.txt,35,"[35, 10, 10, 10, 10]",LOGISTIC,0.1,1,LOGISTIC,QUADRATIC_MULTILAYER,5,0.0001
0,4,4.608338884820808,1.4468715441605104,ej3/perceptron_data/TP3-ej3-digitos.txt,35,"[35, 10, 10, 10, 10]",LOGISTIC,0.1,1,LOGISTIC,QUADRATIC_MULTILAYER,5,0.0001
0,5,3.339664079291903,1.0403763836524125,ej3/perceptron_data/TP3-ej3-digitos.txt,35,"[35, 10, 10, 10, 10]",LOGISTIC,0.1,1,LOGISTIC,QUADRATIC_MULTILAYER,5,0.0001
0,6,3.1416635377018935,0.972896772035836,ej3/perceptron_data/TP3-ej3-digitos.txt,35,"[35, 10, 10, 10, 10]",LOGISTIC,0.1,1,LOGISTIC,QUADRATIC_MULTILAYER,5,0.0001
0,7,3.125051698050529,0.9624730135206145,ej3/perceptron_data/TP3-ej3-digitos.txt,35,"[35, 10, 10, 10, 10]",LOGISTIC,0.1,1,LOGISTIC,QUADRATIC_MULTILAYER,5,0.0001
0,8,3.098687391462665,0.9872817388157629,ej3/perceptron_data/TP3-ej3-digitos.txt,35,"[35, 10, 10, 10, 10]",LOGISTIC,0.1,1,LOGISTIC,QUADRATIC_MULTILAYER,5,0.0001
0,9,3.0462696121876904,1.0021542399494323,ej3/perceptron_data/TP3-ej3-digitos.txt,35,"[35, 10, 10, 10, 10]",LOGISTIC,0.1,1,LOGISTIC,QUADRATIC_MULTILAYER,5,0.0001
0,10,3.0424863160240685,1.0397047867320681,ej3/perceptron_data/TP3-ej3-digitos.txt,35,"[35, 10, 10, 10, 10]",LOGISTIC,0.1,1,LOGISTIC,QUADRATIC_MULTILAYER,5,0.0001
0,11,3.012934015268223,1.0427014401244006,ej3/perceptron_data/TP3-ej3-digitos.txt,35,"[35, 10, 10, 10, 10]",LOGISTIC,0.1,1,LOGISTIC,QUADRATIC_MULTILAYER,5,0.0001
0,12,3.01959395391415,1.063930920934919,ej3/perceptron_data/TP3-ej3-digitos.txt,35,"[35, 10, 10, 10, 10]",LOGISTIC,0.1,1,LOGISTIC,QUADRATIC_MULTILAYER,5,0.0001
0,13,2.995905272461532,1.0353404789513752,ej3/perceptron_data/TP3-ej3-digitos.txt,35,"[35, 10, 10, 10, 10]",LOGISTIC,0.1,1,LOGISTIC,QUADRATIC_MULTILAYER,5,0.0001
0,14,2.9972338598713004,1.0552265866584072,ej3/perceptron_data/TP3-ej3-digitos.txt,35,"[35, 10, 10, 10, 10]",LOGISTIC,0.1,1,LOGISTIC,QUADRATIC_MULTILAYER,5,0.0001
0,15,2.912510805249263,1.0466776215942457,ej3/perceptron_data/TP3-ej3-digitos.txt,35,"[35, 10, 10, 10, 10]",LOGISTIC,0.1,1,LOGISTIC,QUADRATIC_MULTILAYER,5,0.0001
0,16,2.877492387307346,1.0664111562390246,ej3/perceptron_data/TP3-ej3-digitos.txt,35,"[35, 10, 10, 10, 10]",LOGISTIC,0.1,1,LOGISTIC,QUADRATIC_MULTILAYER,5,0.0001
0,17,2.9054033807596973,1.0844354909703868,ej3/perceptron_data/TP3-ej3-digitos.txt,35,"[35, 10, 10, 10, 10]",LOGISTIC,0.1,1,LOGISTIC,QUADRATIC_MULTILAYER,5,0.0001
0,18,2.8699442965068735,1.1026335196733403,ej3/perceptron_data/TP3-ej3-digitos.txt,35,"[35, 10, 10, 10, 10]",LOGISTIC,0.1,1,LOGISTIC,QUADRATIC_MULTILAYER,5,0.0001
0,19,2.8470019118578356,1.090202928344402,ej3/perceptron_data/TP3-ej3-digitos.txt,35,"[35, 10, 10, 10, 10]",LOGISTIC,0.1,1,LOGISTIC,QUADRATIC_MULTILAYER,5,0.0001
0,20,2.8388166071322716,1.0824037473603565,ej3/perceptron_data/TP3-ej3-digitos.txt,35,"[35, 10, 10, 10, 10]",LOGISTIC,0.1,1,LOGISTIC,QUADRATIC_MULTILAYER,5,0.0001
0,21,2.792509505769946,1.0979151344611229,ej3/perceptron_data/TP3-ej3-digitos.txt,35,"[35, 10, 10, 10, 10]",LOGISTIC,0.1,1,LOGISTIC,QUADRATIC_MULTILAYER,5,0.0001
0,22,2.7697469309524325,1.1056423752729134,ej3/perceptron_data/TP3-ej3-digitos.txt,35,"[35, 10, 10, 10, 10]",LOGISTIC,0.1,1,LOGISTIC,QUADRATIC_MULTILAYER,5,0.0001
0,23,2.7711554234836377,1.1237187860484534,ej3/perceptron_data/TP3-ej3-digitos.txt,35,"[35, 10, 10, 10, 10]",LOGISTIC,0.1,1,LOGISTIC,QUADRATIC_MULTILAYER,5,0.0001
0,24,2.765995608864185,1.08898017369068,ej3/perceptron_data/TP3-ej3-digitos.txt,35,"[35, 10, 10, 10, 10]",LOGISTIC,0.1,1,LOGISTIC,QUADRATIC_MULTILAYER,5,0.0001
0,25,2.7774701676996374,1.0789086180188632,ej3/perceptron_data/TP3-ej3-digitos.txt,35,"[35, 10, 10, 10, 10]",LOGISTIC,0.1,1,LOGISTIC,QUADRATIC_MULTILAYER,5,0.0001
0,26,2.7482376582633874,1.1151019812892133,ej3/perceptron_data/TP3-ej3-digitos.txt,35,"[35, 10, 10, 10, 10]",LOGISTIC,0.1,1,LOGISTIC,QUADRATIC_MULTILAYER,5,0.0001
0,27,2.7729230750383618,1.1195707679335025,ej3/perceptron_data/TP3-ej3-digitos.txt,35,"[35, 10, 10, 10, 10]",LOGISTIC,0.1,1,LOGISTIC,QUADRATIC_MULTILAYER,5,0.0001
0,28,2.70263775388973,1.1101882341492872,ej3/perceptron_data/TP3-ej3-digitos.txt,35,"[35, 10, 10, 10, 10]",LOGISTIC,0.1,1,LOGISTIC,QUADRATIC_MULTILAYER,5,0.0001
0,29,2.6994929581643357,1.1305819573493565,ej3/perceptron_data/TP3-ej3-digitos.txt,35,"[35, 10, 10, 10, 10]",LOGISTIC,0.1,1,LOGISTIC,QUADRATIC_MULTILAYER,5,0.0001
0,30,2.701623174233613,1.157009886274002,ej3/perceptron_data/TP3-ej3-digitos.txt,35,"[35, 10, 10, 10, 10]",LOGISTIC,0.1,1,LOGISTIC,QUADRATIC_MULTILAYER,5,0.0001
0,31,2.6736328472644035,1.1658509674204138,ej3/perceptron_data/TP3-ej3-digitos.txt,35,"[35, 10, 10, 10, 10]",LOGISTIC,0.1,1,LOGISTIC,QUADRATIC_MULTILAYER,5,0.0001
0,32,2.7113519530635006,1.1993253320830177,ej3/perceptron_data/TP3-ej3-digitos.txt,35,"[35, 10, 10, 10, 10]",LOGISTIC,0.1,1,LOGISTIC,QUADRATIC_MULTILAYER,5,0.0001
0,33,2.6345620647293373,1.1284441117485648,ej3/perceptron_data/TP3-ej3-digitos.txt,35,"[35, 10, 10, 10, 10]",LOGISTIC,0.1,1,LOGISTIC,QUADRATIC_MULTILAYER,5,0.0001
0,34,2.605048204149924,1.088690594307354,ej3/perceptron_data/TP3-ej3-digitos.txt,35,"[35, 10, 10, 10, 10]",LOGISTIC,0.1,1,LOGISTIC,QUADRATIC_MULTILAYER,5,0.0001
0,35,2.591440693124792,1.0842403948128492,ej3/perceptron_data/TP3-ej3-digitos.txt,35,"[35, 10, 10, 10, 10]",LOGISTIC,0.1,1,LOGISTIC,QUADRATIC_MULTILAYER,5,0.0001
0,36,2.5917556356375324,1.1377575773698805,ej3/perceptron_data/TP3-ej3-digitos.txt,35,"[35, 10, 10, 10, 10]",LOGISTIC,0.1,1,LOGISTIC,QUADRATIC_MULTILAYER,5,0.0001
0,37,2.586703671420925,1.148386492931913,ej3/perceptron_data/TP3-ej3-digitos.txt,35,"[35, 10, 10, 10, 10]",LOGISTIC,0.1,1,LOGISTIC,QUADRATIC_MULTILAYER,5,0.0001
0,38,2.5819909202167093,1.1404589931246951,ej3/perceptron_data/TP3-ej3-digitos.txt,35,"[35, 10, 10, 10, 10]",LOGISTIC,0.1,1,LOGISTIC,QUADRATIC_MULTILAYER,5,0.0001
0,39,2.543436098848649,1.096068332324479,ej3/perceptron_data/TP3-ej3-digitos.txt,35,"[35, 10, 10, 10, 10]",LOGISTIC,0.1,1,LOGISTIC,QUADRATIC_MULTILAYER,5,0.0001
0,40,2.513264615996843,1.136765620145419,ej3/perceptron_data/TP3-ej3-digitos.txt,35,"[35, 10, 10, 10, 10]",LOGISTIC,0.1,1,LOGISTIC,QUADRATIC_MULTILAYER,5,0.0001
0,41,2.5059195248568384,1.1754994957106308,ej3/perceptron_data/TP3-ej3-digitos.txt,35,"[35, 10, 10, 10, 10]",LOGISTIC,0.1,1,LOGISTIC,QUADRATIC_MULTILAYER,5,0.0001
0,42,2.501748829993598,1.1842206772472637,ej3/perceptron_data/TP3-ej3-digitos.txt,35,"[35, 10, 10, 10, 10]",LOGISTIC,0.1,1,LOGISTIC,QUADRATIC_MULTILAYER,5,0.0001
0,43,2.5144065771105204,1.2022484135303595,ej3/perceptron_data/TP3-ej3-digitos.txt,35,"[35, 10, 10, 10, 10]",LOGISTIC,0.1,1,LOGISTIC,QUADRATIC_MULTILAYER,5,0.0001
0,44,2.497966303961242,1.1367113718516497,ej3/perceptron_data/TP3-ej3-digitos.txt,35,"[35, 10, 10, 10, 10]",LOGISTIC,0.1,1,LOGISTIC,QUADRATIC_MULTILAYER,5,0.0001
0,45,2.437480844253796,1.100252402564869,ej3/perceptron_data/TP3-ej3-digitos.txt,35,"[35, 10, 10, 10, 10]",LOGISTIC,0.1,1,LOGISTIC,QUADRATIC_MULTILAYER,5,0.0001
0,46,2.409441166446875,1.1538049949683236,ej3/perceptron_data/TP3-ej3-digitos.txt,35,"[35, 10, 10, 10, 10]",LOGISTIC,0.1,1,LOGISTIC,QUADRATIC_MULTILAYER,5,0.0001
0,47,2.421349052421648,1.2036815696241183,ej3/perceptron_data/TP3-ej3-digitos.txt,35,"[35, 10, 10, 10, 10]",LOGISTIC,0.1,1,LOGISTIC,QUADRATIC_MULTILAYER,5,0.0001
0,48,2.391240267150984,1.138041703707744,ej3/perceptron_data/TP3-ej3-digitos.txt,35,"[35, 10, 10, 10, 10]",LOGISTIC,0.1,1,LOGISTIC,QUADRATIC_MULTILAYER,5,0.0001
0,49,2.415627591761657,1.1958490218362188,ej3/perceptron_data/TP3-ej3-digitos.txt,35,"[35, 10, 10, 10, 10]",LOGISTIC,0.1,1,LOGISTIC,QUADRATIC_MULTILAYER,5,0.0001
0,50,2.419654314736726,1.1237347833563531,ej3/perceptron_data/TP3-ej3-digitos.txt,35,"[35, 10, 10, 10, 10]",LOGISTIC,0.1,1,LOGISTIC,QUADRATIC_MULTILAYER,5,0.0001
0,51,2.3692286706415477,1.1419978436799982,ej3/perceptron_data/TP3-ej3-digitos.txt,35,"[35, 10, 10, 10, 10]",LOGISTIC,0.1,1,LOGISTIC,QUADRATIC_MULTILAYER,5,0.0001
0,52,2.3599788027022512,1.1795390144813336,ej3/perceptron_data/TP3-ej3-digitos.txt,35,"[35, 10, 10, 10, 10]",LOGISTIC,0.1,1,LOGISTIC,QUADRATIC_MULTILAYER,5,0.0001
0,53,2.319433690604808,1.1716120367288994,ej3/perceptron_data/TP3-ej3-digitos.txt,35,"[35, 10, 10, 10, 10]",LOGISTIC,0.1,1,LOGISTIC,QUADRATIC_MULTILAYER,5,0.0001
0,54,2.3444407249365407,1.2209492788764527,ej3/perceptron_data/TP3-ej3-digitos.txt,35,"[35, 10, 10, 10, 10]",LOGISTIC,0.1,1,LOGISTIC,QUADRATIC_MULTILAYER,5,0.0001
0,55,2.3217744062264685,1.1125180005610602,ej3/perceptron_data/TP3-ej3-digitos.txt,35,"[35, 10, 10, 10, 10]",LOGISTIC,0.1,1,LOGISTIC,QUADRATIC_MULTILAYER,5,0.0001
0,56,2.3282274182139413,1.105146896961268,ej3/perceptron_data/TP3-ej3-digitos.txt,35,"[35, 10, 10, 10, 10]",LOGISTIC,0.1,1,LOGISTIC,QUADRATIC_MULTILAYER,5,0.0001
0,57,2.2656589976865407,1.1293607366454805,ej3/perceptron_data/TP3-ej3-digitos.txt,35,"[35, 10, 10, 10, 10]",LOGISTIC,0.1,1,LOGISTIC,QUADRATIC_MULTILAYER,5,0.0001
0,58,2.282181438209648,1.1159458112027856,ej3/perceptron_data/TP3-ej3-digitos.txt,35,"[35, 10, 10, 10, 10]",LOGISTIC,0.1,1,LOGISTIC,QUADRATIC_MULTILAYER,5,0.0001
0,59,2.23554794784388,1.1538891808642429,ej3/perceptron_data/TP3-ej3-digitos.txt,35,"[35, 10, 10, 10, 10]",LOGISTIC,0.1,1,LOGISTIC,QUADRATIC_MULTILAYER,5,0.0001
0,60,2.2373300977483397,1.1318034751456847,ej3/perceptron_data/TP3-ej3-digitos.txt,35,"[35, 10, 10, 10, 10]",LOGISTIC,0.1,1,LOGISTIC,QUADRATIC_MULTILAYER,5,0.0001
0,61,2.267239586385525,1.126912519416039,ej3/perceptron_data/TP3-ej3-digitos.txt,35,"[35, 10, 10, 10, 10]",LOGISTIC,0.1,1,LOGISTIC,QUADRATIC_MULTILAYER,5,0.0001
0,62,2.278165175272572,1.1353562171613363,ej3/perceptron_data/TP3-ej3-digitos.txt,35,"[35, 10, 10, 10, 10]",LOGISTIC,0.1,1,LOGISTIC,QUADRATIC_MULTILAYER,5,0.0001
0,63,2.213457892121945,1.1220191017208476,ej3/perceptron_data/TP3-ej3-digitos.txt,35,"[35, 10, 10, 10, 10]",LOGISTIC,0.1,1,LOGISTIC,QUADRATIC_MULTILAYER,5,0.0001
0,64,2.172118568998993,1.1361780375430708,ej3/perceptron_data/TP3-ej3-digitos.txt,35,"[35, 10, 10, 10, 10]",LOGISTIC,0.1,1,LOGISTIC,QUADRATIC_MULTILAYER,5,0.0001
0,65,2.115434825290954,1.2075841165580916,ej3/perceptron_data/TP3-ej3-digitos.txt,35,"[35, 10, 10, 10, 10]",LOGISTIC,0.1,1,LOGISTIC,QUADRATIC_MULTILAYER,5,0.0001
0,66,2.153538894113491,1.278158377949506,ej3/perceptron_data/TP3-ej3-digitos.txt,35,"[35, 10, 10, 10, 10]",LOGISTIC,0.1,1,LOGISTIC,QUADRATIC_MULTILAYER,5,0.0001
0,67,2.086912655704429,1.1717939596265472,ej3/perceptron_data/TP3-ej3-digitos.txt,35,"[35, 10, 10, 10, 10]",LOGISTIC,0.1,1,LOGISTIC,QUADRATIC_MULTILAYER,5,0.0001
0,68,2.0879146545217933,1.289242831241936,ej3/perceptron_data/TP3-ej3-digitos.txt,35,"[35, 10, 10, 10, 10]",LOGISTIC,0.1,1,LOGISTIC,QUADRATIC_MULTILAYER,5,0.0001
0,69,2.0574559664152687,1.2270800185535937,ej3/perceptron_data/TP3-ej3-digitos.txt,35,"[35, 10, 10, 10, 10]",LOGISTIC,0.1,1,LOGISTIC,QUADRATIC_MULTILAYER,5,0.0001
0,70,2.0466327458315896,1.1694370460273515,ej3/perceptron_data/TP3-ej3-digitos.txt,35,"[35, 10, 10, 10, 10]",LOGISTIC,0.1,1,LOGISTIC,QUADRATIC_MULTILAYER,5,0.0001
0,71,2.0251581801221485,1.2548528925269544,ej3/perceptron_data/TP3-ej3-digitos.txt,35,"[35, 10, 10, 10, 10]",LOGISTIC,0.1,1,LOGISTIC,QUADRATIC_MULTILAYER,5,0.0001
0,72,2.013312222042544,1.2679056663377894,ej3/perceptron_data/TP3-ej3-digitos.txt,35,"[35, 10, 10, 10, 10]",LOGISTIC,0.1,1,LOGISTIC,QUADRATIC_MULTILAYER,5,0.0001
0,73,1.9773969474044983,1.2233369435725325,ej3/perceptron_data/TP3-ej3-digitos.txt,35,"[35, 10, 10, 10, 10]",LOGISTIC,0.1,1,LOGISTIC,QUADRATIC_MULTILAYER,5,0.0001
0,74,1.9658819549708753,1.2909020059530343,ej3/perceptron_data/TP3-ej3-digitos.txt,35,"[35, 10, 10, 10, 10]",LOGISTIC,0.1,1,LOGISTIC,QUADRATIC_MULTILAYER,5,0.0001
0,75,1.9763043131208544,1.3364412809134703,ej3/perceptron_data/TP3-ej3-digitos.txt,35,"[35, 10, 10, 10, 10]",LOGISTIC,0.1,1,LOGISTIC,QUADRATIC_MULTILAYER,5,0.0001
0,76,1.9311052328189868,1.221404181412574,ej3/perceptron_data/TP3-ej3-digitos.txt,35,"[35, 10, 10, 10, 10]",LOGISTIC,0.1,1,LOGISTIC,QUADRATIC_MULTILAYER,5,0.0001
0,77,1.8954754602519461,1.281250098347098,ej3/perceptron_data/TP3-ej3-digitos.txt,35,"[35, 10, 10, 10, 10]",LOGISTIC,0.1,1,LOGISTIC,QUADRATIC_MULTILAYER,5,0.0001
0,78,1.9065623076208336,1.370438113539846,ej3/perceptron_data/TP3-ej3-digitos.txt,35,"[35, 10, 10, 10, 10]",LOGISTIC,0.1,1,LOGISTIC,QUADRATIC_MULTILAYER,5,0.0001
0,79,1.8985372542155166,1.2558066684862739,ej3/perceptron_data/TP3-ej3-digitos.txt,35,"[35, 10, 10, 10, 10]",LOGISTIC,0.1,1,LOGISTIC,QUADRATIC_MULTILAYER,5,0.0001
0,80,1.8956029544689297,1.384251454049727,ej3/perceptron_data/TP3-ej3-digitos.txt,35,"[35, 10, 10, 10, 10]",LOGISTIC,0.1,1,LOGISTIC,QUADRATIC_MULTILAYER,5,0.0001
0,81,1.8629584977164662,1.3076818518437086,ej3/perceptron_data/TP3-ej3-digitos.txt,35,"[35, 10, 10, 10, 10]",LOGISTIC,0.1,1,LOGISTIC,QUADRATIC_MULTILAYER,5,0.0001
0,82,1.818820687798096,1.3114154227511285,ej3/perceptron_data/TP3-ej3-digitos.txt,35,"[35, 10, 10, 10, 10]",LOGISTIC,0.1,1,LOGISTIC,QUADRATIC_MULTILAYER,5,0.0001
0,83,1.8017669447525568,1.3003137634579716,ej3/perceptron_data/TP3-ej3-digitos.txt,35,"[35, 10, 10, 10, 10]",LOGISTIC,0.1,1,LOGISTIC,QUADRATIC_MULTILAYER,5,0.0001
0,84,1.8112680308143967,1.3646648467302809,ej3/perceptron_data/TP3-ej3-digitos.txt,35,"[35, 10, 10, 10, 10]",LOGISTIC,0.1,1,LOGISTIC,QUADRATIC_MULTILAYER,5,0.0001
0,85,1.8064630410772125,1.281761322029674,ej3/perceptron_data/TP3-ej3-digitos.txt,35,"[35, 10, 10, 10, 10]",LOGISTIC,0.1,1,LOGISTIC,QUADRATIC_MULTILAYER,5,0.0001
0,86,1.793081832532552,1.3224380178109285,ej3/perceptron_data/TP3-ej3-digitos.txt,35,"[35, 10, 10, 10, 10]",LOGISTIC,0.1,1,LOGISTIC,QUADRATIC_MULTILAYER,5,0.0001
0,87,1.7658074082178472,1.2665680429310793,ej3/perceptron_data/TP3-ej3-digitos.txt,35,"[35, 10, 10, 10, 10]",LOGISTIC,0.1,1,LOGISTIC,QUADRATIC_MULTILAYER,5,0.0001
0,88,1.7665195566083902,1.3803611108742886,ej3/perceptron_data/TP3-ej3-digitos.txt,35,"[35, 10, 10, 10, 10]",LOGISTIC,0.1,1,LOGISTIC,QUADRATIC_MULTILAYER,5,0.0001
0,89,1.764609091077236,1.4329923879881115,ej3/perceptron_data/TP3-ej3-digitos.txt,35,"[35, 10, 10, 10, 10]",LOGISTIC,0.1,1,LOGISTIC,QUADRATIC_MULTILAYER,5,0.0001
0,90,1.7407745665542156,1.276795910418185,ej3/perceptron_data/TP3-ej3-digitos.txt,35,"[35, 10, 10, 10, 10]",LOGISTIC,0.1,1,LOGISTIC,QUADRATIC_MULTILAYER,5,0.0001
0,91,1.753545164089712,1.254788533433304,ej3/perceptron_data/TP3-ej3-digitos.txt,35,"[35, 10, 10, 10, 10]",LOGISTIC,0.1,1,LOGISTIC,QUADRATIC_MULTILAYER,5,0.0001
0,92,1.6927934650594416,1.3785679457453317,ej3/perceptron_data/TP3-ej3-digitos.txt,35,"[35, 10, 10, 10, 10]",LOGISTIC,0.1,1,LOGISTIC,QUADRATIC_MULTILAYER,5,0.0001
0,93,1.6979072681450238,1.4294510410013763,ej3/perceptron_data/TP3-ej3-digitos.txt,35,"[35, 10, 10, 10, 10]",LOGISTIC,0.1,1,LOGISTIC,QUADRATIC_MULTILAYER,5,0.0001
0,94,1.6999785720842366,1.462481508619163,ej3/perceptron_data/TP3-ej3-digitos.txt,35,"[35, 10, 10, 10, 10]",LOGISTIC,0.1,1,LOGISTIC,QUADRATIC_MULTILAYER,5,0.0001
0,95,1.685489044697421,1.4333294550682059,ej3/perceptron_data/TP3-ej3-digitos.txt,35,"[35, 10, 10, 10, 10]",LOGISTIC,0.1,1,LOGISTIC,QUADRATIC_MULTILAYER,5,0.0001
0,96,1.6680826280884218,1.3821402254567028,ej3/perceptron_data/TP3-ej3-digitos.txt,35,"[35, 10, 10, 10, 10]",LOGISTIC,0.1,1,LOGISTIC,QUADRATIC_MULTILAYER,5,0.0001
0,97,1.6474379142003248,1.4163198311059082,ej3/perceptron_data/TP3-ej3-digitos.txt,35,"[35, 10, 10, 10, 10]",LOGISTIC,0.1,1,LOGISTIC,QUADRATIC_MULTILAYER,5,0.0001
0,98,1.6151453743647943,1.4156971293298548,ej3/perceptron_data/TP3-ej3-digitos.txt,35,"[35, 10, 10, 10, 10]",LOGISTIC,0.1,1,LOGISTIC,QUADRATIC_MULTILAYER,5,0.0001
0,99,1.5995930525416766,1.3844453805717465,ej3/perceptron_data/TP3-ej3-digitos.txt,35,"[35, 10, 10, 10, 10]",LOGISTIC,0.1,1,LOGISTIC,QUADRATIC_MULTILAYER,5,0.0001
0,100,1.5953749455265025,1.3295936237032961,ej3/perceptron_data/TP3-ej3-digitos.txt,35,"[35, 10, 10, 10, 10]",LOGISTIC,0.1,1,LOGISTIC,QUADRATIC_MULTILAYER,5,0.0001
0,101,1.5662882995330156,1.4491620643660275,ej3/perceptron_data/TP3-ej3-digitos.txt,35,"[35, 10, 10, 10, 10]",LOGISTIC,0.1,1,LOGISTIC,QUADRATIC_MULTILAYER,5,0.0001
0,102,1.5731917665769446,1.3453911925674744,ej3/perceptron_data/TP3-ej3-digitos.txt,35,"[35, 10, 10, 10, 10]",LOGISTIC,0.1,1,LOGISTIC,QUADRATIC_MULTILAYER,5,0.0001
0,103,1.5978872885095867,1.3197993052726071,ej3/perceptron_data/TP3-ej3-digitos.txt,35,"[35, 10, 10, 10, 10]",LOGISTIC,0.1,1,LOGISTIC,QUADRATIC_MULTILAYER,5,0.0001
0,104,1.6165860407795547,1.3397979110957121,ej3/perceptron_data/TP3-ej3-digitos.txt,35,"[35, 10, 10, 10, 10]",LOGISTIC,0.1,1,LOGISTIC,QUADRATIC_MULTILAYER,5,0.0001
0,105,1.5647767863669073,1.2928263933393134,ej3/perceptron_data/TP3-ej3-digitos.txt,35,"[35, 10, 10, 10, 10]",LOGISTIC,0.1,1,LOGISTIC,QUADRATIC_MULTILAYER,5,0.0001
0,106,1.5568017147633086,1.4498931672440223,ej3/perceptron_data/TP3-ej3-digitos.txt,35,"[35, 10, 10, 10, 10]",LOGISTIC,0.1,1,LOGISTIC,QUADRATIC_MULTILAYER,5,0.0001
0,107,1.5706539454813124,1.5022843415031395,ej3/perceptron_data/TP3-ej3-digitos.txt,35,"[35, 10, 10, 10, 10]",LOGISTIC,0.1,1,LOGISTIC,QUADRATIC_MULTILAYER,5,0.0001
0,108,1.536969846993242,1.4812332939347286,ej3/perceptron_data/TP3-ej3-digitos.txt,35,"[35, 10, 10, 10, 10]",LOGISTIC,0.1,1,LOGISTIC,QUADRATIC_MULTILAYER,5,0.0001
0,109,1.5263894951061139,1.4958168141109187,ej3/perceptron_data/TP3-ej3-digitos.txt,35,"[35, 10, 10, 10, 10]",LOGISTIC,0.1,1,LOGISTIC,QUADRATIC_MULTILAYER,5,0.0001
0,110,1.5422013083184312,1.498017530030154,ej3/perceptron_data/TP3-ej3-digitos.txt,35,"[35, 10, 10, 10, 10]",LOGISTIC,0.1,1,LOGISTIC,QUADRATIC_MULTILAYER,5,0.0001
0,111,1.5785348849716274,1.528949252726922,ej3/perceptron_data/TP3-ej3-digitos.txt,35,"[35, 10, 10, 10, 10]",LOGISTIC,0.1,1,LOGISTIC,QUADRATIC_MULTILAYER,5,0.0001
0,112,1.5581021645260607,1.4949192377428462,ej3/perceptron_data/TP3-ej3-digitos.txt,35,"[35, 10, 10, 10, 10]",LOGISTIC,0.1,1,LOGISTIC,QUADRATIC_MULTILAYER,5,0.0001
0,113,1.5171819046857746,1.470344721516483,ej3/perceptron_data/TP3-ej3-digitos.txt,35,"[35, 10, 10, 10, 10]",LOGISTIC,0.1,1,LOGISTIC,QUADRATIC_MULTILAYER,5,0.0001
0,114,1.4984839590624202,1.5182127829661736,ej3/perceptron_data/TP3-ej3-digitos.txt,35,"[35, 10, 10, 10, 10]",LOGISTIC,0.1,1,LOGISTIC,QUADRATIC_MULTILAYER,5,0.0001
0,115,1.4712713821856662,1.47803739263668,ej3/perceptron_data/TP3-ej3-digitos.txt,35,"[35, 10, 10, 10, 10]",LOGISTIC,0.1,1,LOGISTIC,QUADRATIC_MULTILAYER,5,0.0001
0,116,1.4262124813992385,1.426739144349902,ej3/perceptron_data/TP3-ej3-digitos.txt,35,"[35, 10, 10, 10, 10]",LOGISTIC,0.1,1,LOGISTIC,QUADRATIC_MULTILAYER,5,0.0001
0,117,1.4377505633924919,1.5330036267444345,ej3/perceptron_data/TP3-ej3-digitos.txt,35,"[35, 10, 10, 10, 10]",LOGISTIC,0.1,1,LOGISTIC,QUADRATIC_MULTILAYER,5,0.0001
0,118,1.444438462619597,1.5005294610251754,ej3/perceptron_data/TP3-ej3-digitos.txt,35,"[35, 10, 10, 10, 10]",LOGISTIC,0.1,1,LOGISTIC,QUADRATIC_MULTILAYER,5,0.0001
0,119,1.4487109274610666,1.456497933744808,ej3/perceptron_data/TP3-ej3-digitos.txt,35,"[35, 10, 10, 10, 10]",LOGISTIC,0.1,1,LOGISTIC,QUADRATIC_MULTILAYER,5,0.0001
0,120,1.3772921923795405,1.4604790242975212,ej3/perceptron_data/TP3-ej3-digitos.txt,35,"[35, 10, 10, 10, 10]",LOGISTIC,0.1,1,LOGISTIC,QUADRATIC_MULTILAYER,5,0.0001
0,121,1.3630194692107345,1.488614495466491,ej3/perceptron_data/TP3-ej3-digitos.txt,35,"[35, 10, 10, 10, 10]",LOGISTIC,0.1,1,LOGISTIC,QUADRATIC_MULTILAYER,5,0.0001
0,122,1.3764115387633888,1.4317434928130772,ej3/perceptron_data/TP3-ej3-digitos.txt,35,"[35, 10, 10, 10, 10]",LOGISTIC,0.1,1,LOGISTIC,QUADRATIC_MULTILAYER,5,0.0001
0,123,1.3744118989761223,1.506349120536649,ej3/perceptron_data/TP3-ej3-digitos.txt,35,"[35, 10, 10, 10, 10]",LOGISTIC,0.1,1,LOGISTIC,QUADRATIC_MULTILAYER,5,0.0001
0,124,1.36264877887701,1.5188814114410933,ej3/perceptron_data/TP3-ej3-digitos.txt,35,"[35, 10, 10, 10, 10]",LOGISTIC,0.1,1,LOGISTIC,QUADRATIC_MULTILAYER,5,0.0001
0,125,1.3747364733611298,1.5707119510275147,ej3/perceptron_data/TP3-ej3-digitos.txt,35,"[35, 10, 10, 10, 10]",LOGISTIC,0.1,1,LOGISTIC,QUADRATIC_MULTILAYER,5,0.0001
0,126,1.3501453432716601,1.4917346413850645,ej3/perceptron_data/TP3-ej3-digitos.txt,35,"[35, 10, 10, 10, 10]",LOGISTIC,0.1,1,LOGISTIC,QUADRATIC_MULTILAYER,5,0.0001
0,127,1.3417668379605592,1.526028252120398,ej3/perceptron_data/TP3-ej3-digitos.txt,35,"[35, 10, 10, 10, 10]",LOGISTIC,0.1,1,LOGISTIC,QUADRATIC_MULTILAYER,5,0.0001
0,128,1.3163362006708026,1.4879454971302877,ej3/perceptron_data/TP3-ej3-digitos.txt,35,"[35, 10, 10, 10, 10]",LOGISTIC,0.1,1,LOGISTIC,QUADRATIC_MULTILAYER,5,0.0001
0,129,1.3251742529161192,1.56332762387214,ej3/perceptron_data/TP3-ej3-digitos.txt,35,"[35, 10, 10, 10, 10]",LOGISTIC,0.1,1,LOGISTIC,QUADRATIC_MULTILAYER,5,0.0001
0,130,1.3070385773356208,1.4603997405809237,ej3/perceptron_data/TP3-ej3-digitos.txt,35,"[35, 10, 10, 10, 10]",LOGISTIC,0.1,1,LOGISTIC,QUADRATIC_MULTILAYER,5,0.0001
0,131,1.3047211094965134,1.5184387087221916,ej3/perceptron_data/TP3-ej3-digitos.txt,35,"[35, 10, 10, 10, 10]",LOGISTIC,0.1,1,LOGISTIC,QUADRATIC_MULTILAYER,5,0.0001
0,132,1.3287525431178075,1.4903555196124723,ej3/perceptron_data/TP3-ej3-digitos.txt,35,"[35, 10, 10, 10, 10]",LOGISTIC,0.1,1,LOGISTIC,QUADRATIC_MULTILAYER,5,0.0001
0,133,1.3141010158025164,1.5675015720114152,ej3/perceptron_data/TP3-ej3-digitos.txt,35,"[35, 10, 10, 10, 10]",LOGISTIC,0.1,1,LOGISTIC,QUADRATIC_MULTILAYER,5,0.0001
0,134,1.273780715339443,1.5167804078792162,ej3/perceptron_data/TP3-ej3-digitos.txt,35,"[35, 10, 10, 10, 10]",LOGISTIC,0.1,1,LOGISTIC,QUADRATIC_MULTILAYER,5,0.0001
0,135,1.2986512160366293,1.5719252591938928,ej3/perceptron_data/TP3-ej3-digitos.txt,35,"[35, 10, 10, 10, 10]",LOGISTIC,0.1,1,LOGISTIC,QUADRATIC_MULTILAYER,5,0.0001
0,136,1.2817411475578455,1.5273650254053304,ej3/perceptron_data/TP3-ej3-digitos.txt,35,"[35, 10, 10, 10, 10]",LOGISTIC,0.1,1,LOGISTIC,QUADRATIC_MULTILAYER,5,0.0001
0,137,1.2440927139015912,1.5028011389041027,ej3/perceptron_data/TP3-ej3-digitos.txt,35,"[35, 10, 10, 10, 10]",LOGISTIC,0.1,1,LOGISTIC,QUADRATIC_MULTILAYER,5,0.0001
0,138,1.2077651324442003,1.5007731190070759,ej3/perceptron_data/TP3-ej3-digitos.txt,35,"[35, 10, 10, 10, 10]",LOGISTIC,0.1,1,LOGISTIC,QUADRATIC_MULTILAYER,5,0.0001
0,139,1.2082494734340736,1.5144121844216312,ej3/perceptron_data/TP3-ej3-digitos.txt,35,"[35, 10, 10, 10, 10]",LOGISTIC,0.1,1,LOGISTIC,QUADRATIC_MULTILAYER,5,0.0001
0,140,1.2369391458721823,1.5464343675892287,ej3/perceptron_data/TP3-ej3-digitos.txt,35,"[35, 10, 10, 10, 10]",LOGISTIC,0.1,1,LOGISTIC,QUADRATIC_MULTILAYER,5,0.0001
0,141,1.2098260407844885,1.5576492144753897,ej3/perceptron_data/TP3-ej3-digitos.txt,35,"[35, 10, 10, 10, 10]",LOGISTIC,0.1,1,LOGISTIC,QUADRATIC_MULTILAYER,5,0.0001
0,142,1.2394713394196524,1.5889669200754195,ej3/perceptron_data/TP3-ej3-digitos.txt,35,"[35, 10, 10, 10, 10]",LOGISTIC,0.1,1,LOGISTIC,QUADRATIC_MULTILAYER,5,0.0001
0,143,1.1665208895432044,1.5202821466689336,ej3/perceptron_data/TP3-ej3-digitos.txt,35,"[35, 10, 10, 10, 10]",LOGISTIC,0.1,1,LOGISTIC,QUADRATIC_MULTILAYER,5,0.0001
0,144,1.169740287151988,1.5041513387391712,ej3/perceptron_data/TP3-ej3-digitos.txt,35,"[35, 10, 10, 10, 10]",LOGISTIC,0.1,1,LOGISTIC,QUADRATIC_MULTILAYER,5,0.0001
0,145,1.1768330091831454,1.5267483719963,ej3/perceptron_data/TP3-ej3-digitos.txt,35,"[35, 10, 10, 10, 10]",LOGISTIC,0.1,1,LOGISTIC,QUADRATIC_MULTILAYER,5,0.0001
0,146,1.1771321055974509,1.5586528052777195,ej3/perceptron_data/TP3-ej3-digitos.txt,35,"[35, 10, 10, 10, 10]",LOGISTIC,0.1,1,LOGISTIC,QUADRATIC_MULTILAYER,5,0.0001
0,147,1.147372089196937,1.5819555764251392,ej3/perceptron_data/TP3-ej3-digitos.txt,35,"[35, 10, 10, 10, 10]",LOGISTIC,0.1,1,LOGISTIC,QUADRATIC_MULTILAYER,5,0.0001
0,148,1.1335581595866515,1.4936264012406635,ej3/perceptron_data/TP3-ej3-digitos.txt,35,"[35, 10, 10, 10, 10]",LOGISTIC,0.1,1,LOGISTIC,QUADRATIC_MULTILAYER,5,0.0001
0,149,1.1071777699298762,1.550443486032875,ej3/perceptron_data/TP3-ej3-digitos.txt,35,"[35, 10, 10, 10, 10]",LOGISTIC,0.1,1,LOGISTIC,QUADRATIC_MULTILAYER,5,0.0001
0,150,1.1177097356011305,1.5395226152657366,ej3/perceptron_data/TP3-ej3-digitos.txt,35,"[35, 10, 10, 10, 10]",LOGISTIC,0.1,1,LOGISTIC,QUADRATIC_MULTILAYER,5,0.0001
0,151,1.1304239635723445,1.5803753426370548,ej3/perceptron_data/TP3-ej3-digitos.txt,35,"[35, 10, 10, 10, 10]",LOGISTIC,0.1,1,LOGISTIC,QUADRATIC_MULTILAYER,5,0.0001
0,152,1.1018870025848264,1.5831275709970534,ej3/perceptron_data/TP3-ej3-digitos.txt,35,"[35, 10, 10, 10, 10]",LOGISTIC,0.1,1,LOGISTIC,QUADRATIC_MULTILAYER,5,0.0001
0,153,1.0975926494519774,1.5690445138445164,ej3/perceptron_data/TP3-ej3-digitos.txt,35,"[35, 10, 10, 10, 10]",LOGISTIC,0.1,1,LOGISTIC,QUADRATIC_MULTILAYER,5,0.0001
0,154,1.0778992017827034,1.5643510410362256,ej3/perceptron_data/TP3-ej3-digitos.txt,35,"[35, 10, 10, 10, 10]",LOGISTIC,0.1,1,LOGISTIC,QUADRATIC_MULTILAYER,5,0.0001
0,155,1.0776779196630248,1.5063628274253111,ej3/perceptron_data/TP3-ej3-digitos.txt,35,"[35, 10, 10, 10, 10]",LOGISTIC,0.1,1,LOGISTIC,QUADRATIC_MULTILAYER,5,0.0001
0,156,1.0678448424635367,1.5785938039441536,ej3/perceptron_data/TP3-ej3-digitos.txt,35,"[35, 10, 10, 10, 10]",LOGISTIC,0.1,1,LOGISTIC,QUADRATIC_MULTILAYER,5,0.0001
0,157,1.0629985129093351,1.5902130516418689,ej3/perceptron_data/TP3-ej3-digitos.txt,35,"[35, 10, 10, 10, 10]",LOGISTIC,0.1,1,LOGISTIC,QUADRATIC_MULTILAYER,5,0.0001
0,158,1.0547540710006402,1.5794917117827079,ej3/perceptron_data/TP3-ej3-digitos.txt,35,"[35, 10, 10, 10, 10]",LOGISTIC,0.1,1,LOGISTIC,QUADRATIC_MULTILAYER,5,0.0001
0,159,1.0280598072709621,1.5545177057747805,ej3/perceptron_data/TP3-ej3-digitos.txt,35,"[35, 10, 10, 10, 10]",LOGISTIC,0.1,1,LOGISTIC,QUADRATIC_MULTILAYER,5,0.0001
0,160,1.0177595759056581,1.5637855054386158,ej3/perceptron_data/TP3-ej3-digitos.txt,35,"[35, 10, 10, 10, 10]",LOGISTIC,0.1,1,LOGISTIC,QUADRATIC_MULTILAYER,5,0.0001
0,161,1.022550448019382,1.5310463894622144,ej3/perceptron_data/TP3-ej3-digitos.txt,35,"[35, 10, 10, 10, 10]",LOGISTIC,0.1,1,LOGISTIC,QUADRATIC_MULTILAYER,5,0.0001
0,162,1.0209652076509714,1.5135191007824123,ej3/perceptron_data/TP3-ej3-digitos.txt,35,"[35, 10, 10, 10, 10]",LOGISTIC,0.1,1,LOGISTIC,QUADRATIC_MULTILAYER,5,0.0001
0,163,1.0342192720601393,1.565623168291158,ej3/perceptron_data/TP3-ej3-digitos.txt,35,"[35, 10, 10, 10, 10]",LOGISTIC,0.1,1,LOGISTIC,QUADRATIC_MULTILAYER,5,0.0001
0,164,1.0107758487454783,1.5909924796529482,ej3/perceptron_data/TP3-ej3-digitos.txt,35,"[35, 10, 10, 10, 10]",LOGISTIC,0.1,1,LOGISTIC,QUADRATIC_MULTILAYER,5,0.0001
0,165,1.0234974810665567,1.5675389056100941,ej3/perceptron_data/TP3-ej3-digitos.txt,35,"[35, 10, 10, 10, 10]",LOGISTIC,0.1,1,LOGISTIC,QUADRATIC_MULTILAYER,5,0.0001
0,166,0.9902454494608822,1.5426871876311088,ej3/perceptron_data/TP3-ej3-digitos.txt,35,"[35, 10, 10, 10, 10]",LOGISTIC,0.1,1,LOGISTIC,QUADRATIC_MULTILAYER,5,0.0001
0,167,0.975956709848806,1.575009753533578,ej3/perceptron_data/TP3-ej3-digitos.txt,35,"[35, 10, 10, 10, 10]",LOGISTIC,0.1,1,LOGISTIC,QUADRATIC_MULTILAYER,5,0.0001
0,168,0.9847556775951412,1.5281213907718574,ej3/perceptron_data/TP3-ej3-digitos.txt,35,"[35, 10, 10, 10, 10]",LOGISTIC,0.1,1,LOGISTIC,QUADRATIC_MULTILAYER,5,0.0001
0,169,0.9875049694115589,1.5470729752171952,ej3/perceptron_data/TP3-ej3-digitos.txt,35,"[35, 10, 10, 10, 10]",LOGISTIC,0.1,1,LOGISTIC,QUADRATIC_MULTILAYER,5,0.0001
0,170,0.9980595315929084,1.5218790948808105,ej3/perceptron_data/TP3-ej3-digitos.txt,35,"[35, 10, 10, 10, 10]",LOGISTIC,0.1,1,LOGISTIC,QUADRATIC_MULTILAYER,5,0.0001
0,171,0.9734609786721337,1.531527162826379,ej3/perceptron_data/TP3-ej3-digitos.txt,35,"[35, 10, 10, 10, 10]",LOGISTIC,0.1,1,LOGISTIC,QUADRATIC_MULTILAYER,5,0.0001
0,172,0.9560359942053077,1.5994996888445385,ej3/perceptron_data/TP3-ej3-digitos.txt,35,"[35, 10, 10, 10, 10]",LOGISTIC,0.1,1,LOGISTIC,QUADRATIC_MULTILAYER,5,0.0001
0,173,0.9455232171618047,1.5792152514579842,ej3/perceptron_data/TP3-ej3-digitos.txt,35,"[35, 10, 10, 10, 10]",LOGISTIC,0.1,1,LOGISTIC,QUADRATIC_MULTILAYER,5,0.0001
0,174,0.9282505183284337,1.5593394329725259,ej3/perceptron_data/TP3-ej3-digitos.txt,35,"[35, 10, 10, 10, 10]",LOGISTIC,0.1,1,LOGISTIC,QUADRATIC_MULTILAYER,5,0.0001
0,175,0.9257839063033136,1.5747340638203842,ej3/perceptron_data/TP3-ej3-digitos.txt,35,"[35, 10, 10, 10, 10]",LOGISTIC,0.1,1,LOGISTIC,QUADRATIC_MULTILAYER,5,0.0001
0,176,0.9121213403271172,1.526959755600858,ej3/perceptron_data/TP3-ej3-digitos.txt,35,"[35, 10, 10, 10, 10]",LOGISTIC,0.1,1,LOGISTIC,QUADRATIC_MULTILAYER,5,0.0001
0,177,0.9023368554113366,1.5380893974548293,ej3/perceptron_data/TP3-ej3-digitos.txt,35,"[35, 10, 10, 10, 10]",LOGISTIC,0.1,1,LOGISTIC,QUADRATIC_MULTILAYER,5,0.0001
0,178,0.9030285705747791,1.5077727346372973,ej3/perceptron_data/TP3-ej3-digitos.txt,35,"[35, 10, 10, 10, 10]",LOGISTIC,0.1,1,LOGISTIC,QUADRATIC_MULTILAYER,5,0.0001
0,179,0.8673429765301538,1.5815674213591233,ej3/perceptron_data/TP3-ej3-digitos.txt,35,"[35, 10, 10, 10, 10]",LOGISTIC,0.1,1,LOGISTIC,QUADRATIC_MULTILAYER,5,0.0001
0,180,0.8591408590370916,1.5887194754339815,ej3/perceptron_data/TP3-ej3-digitos.txt,35,"[35, 10, 10, 10, 10]",LOGISTIC,0.1,1,LOGISTIC,QUADRATIC_MULTILAYER,5,0.0001
0,181,0.868124450738488,1.6126391313221797,ej3/perceptron_data/TP3-ej3-digitos.txt,35,"[35, 10, 10, 10, 10]",LOGISTIC,0.1,1,LOGISTIC,QUADRATIC_MULTILAYER,5,0.0001
0,182,0.8700316778147558,1.6266057357173842,ej3/perceptron_data/TP3-ej3-digitos.txt,35,"[35, 10, 10, 10, 10]",LOGISTIC,0.1,1,LOGISTIC,QUADRATIC_MULTILAYER,5,0.0001
0,183,0.8676234536482231,1.6408565638546415,ej3/perceptron_data/TP3-ej3-digitos.txt,35,"[35, 10, 10, 10, 10]",LOGISTIC,0.1,1,LOGISTIC,QUADRATIC_MULTILAYER,5,0.0001
0,184,0.839086978680127,1.6065074613802672,ej3/perceptron_data/TP3-ej3-digitos.txt,35,"[35, 10, 10, 10, 10]",LOGISTIC,0.1,1,LOGISTIC,QUADRATIC_MULTILAYER,5,0.0001
0,185,0.8470500447722726,1.593212681246439,ej3/perceptron_data/TP3-ej3-digitos.txt,35,"[35, 10, 10, 10, 10]",LOGISTIC,0.1,1,LOGISTIC,QUADRATIC_MULTILAYER,5,0.0001
0,186,0.8582741268690999,1.5962850232982981,ej3/perceptron_data/TP3-ej3-digitos.txt,35,"[35, 10, 10, 10, 10]",LOGISTIC,0.1,1,LOGISTIC,QUADRATIC_MULTILAYER,5,0.0001
0,187,0.8815881707716392,1.6284060832655423,ej3/perceptron_data/TP3-ej3-digitos.txt,35,"[35, 10, 10, 10, 10]",LOGISTIC,0.1,1,LOGISTIC,QUADRATIC_MULTILAYER,5,0.0001
0,188,0.8272687343934102,1.5661072279305843,ej3/perceptron_data/TP3-ej3-digitos.txt,35,"[35, 10, 10, 10, 10]",LOGISTIC,0.1,1,LOGISTIC,QUADRATIC_MULTILAYER,5,0.0001
0,189,0.8191487374645925,1.5566701976190112,ej3/perceptron_data/TP3-ej3-digitos.txt,35,"[35, 10, 10, 10, 10]",LOGISTIC,0.1,1,LOGISTIC,QUADRATIC_MULTILAYER,5,0.0001
0,190,0.7981055028478116,1.53323943212195,ej3/perceptron_data/TP3-ej3-digitos.txt,35,"[35, 10, 10, 10, 10]",LOGISTIC,0.1,1,LOGISTIC,QUADRATIC_MULTILAYER,5,0.0001
0,191,0.7836274118898244,1.5590258193755095,ej3/perceptron_data/TP3-ej3-digitos.txt,35,"[35, 10, 10, 10, 10]",LOGISTIC,0.1,1,LOGISTIC,QUADRATIC_MULTILAYER,5,0.0001
0,192,0.7968137605907152,1.6075385273485694,ej3/perceptron_data/TP3-ej3-digitos.txt,35,"[35, 10, 10, 10, 10]",LOGISTIC,0.1,1,LOGISTIC,QUADRATIC_MULTILAYER,5,0.0001
0,193,0.8023627646650133,1.6218472701975681,ej3/perceptron_data/TP3-ej3-digitos.txt,35,"[35, 10, 10, 10, 10]",LOGISTIC,0.1,1,LOGISTIC,QUADRATIC_MULTILAYER,5,0.0001
0,194,0.7687366011435266,1.6077634896169903,ej3/perceptron_data/TP3-ej3-digitos.txt,35,"[35, 10, 10, 10, 10]",LOGISTIC,0.1,1,LOGISTIC,QUADRATIC_MULTILAYER,5,0.0001
0,195,0.7672653862441847,1.5956250606069962,ej3/perceptron_data/TP3-ej3-digitos.txt,35,"[35, 10, 10, 10, 10]",LOGISTIC,0.1,1,LOGISTIC,QUADRATIC_MULTILAYER,5,0.0001
0,196,0.7742267964931405,1.6456542251954256,ej3/perceptron_data/TP3-ej3-digitos.txt,35,"[35, 10, 10, 10, 10]",LOGISTIC,0.1,1,LOGISTIC,QUADRATIC_MULTILAYER,5,0.0001
0,197,0.7599506986852732,1.6002087100959244,ej3/perceptron_data/TP3-ej3-digitos.txt,35,"[35, 10, 10, 10, 10]",LOGISTIC,0.1,1,LOGISTIC,QUADRATIC_MULTILAYER,5,0.0001
0,198,0.7438711517146863,1.597795916865907,ej3/perceptron_data/TP3-ej3-digitos.txt,35,"[35, 10, 10, 10, 10]",LOGISTIC,0.1,1,LOGISTIC,QUADRATIC_MULTILAYER,5,0.0001
0,199,0.7403637336357249,1.6111729173003817,ej3/perceptron_data/TP3-ej3-digitos.txt,35,"[35, 10, 10, 10, 10]",LOGISTIC,0.1,1,LOGISTIC,QUADRATIC_MULTILAYER,5,0.0001
0,200,0.7431409158589742,1.6154304310447825,ej3/perceptron_data/TP3-ej3-digitos.txt,35,"[35, 10, 10, 10, 10]",LOGISTIC,0.1,1,LOGISTIC,QUADRATIC_MULTILAYER,5,0.0001
0,201,0.7410214104646247,1.6122695760712178,ej3/perceptron_data/TP3-ej3-digitos.txt,35,"[35, 10, 10, 10, 10]",LOGISTIC,0.1,1,LOGISTIC,QUADRATIC_MULTILAYER,5,0.0001
0,202,0.7656321590233012,1.612681947887796,ej3/perceptron_data/TP3-ej3-digitos.txt,35,"[35, 10, 10, 10, 10]",LOGISTIC,0.1,1,LOGISTIC,QUADRATIC_MULTILAYER,5,0.0001
0,203,0.7629231568818405,1.621885016766745,ej3/perceptron_data/TP3-ej3-digitos.txt,35,"[35, 10, 10, 10, 10]",LOGISTIC,0.1,1,LOGISTIC,QUADRATIC_MULTILAYER,5,0.0001
0,204,0.7145973670282921,1.6295619639564953,ej3/perceptron_data/TP3-ej3-digitos.txt,35,"[35, 10, 10, 10, 10]",LOGISTIC,0.1,1,LOGISTIC,QUADRATIC_MULTILAYER,5,0.0001
0,205,0.7224234690637051,1.6211646783686593,ej3/perceptron_data/TP3-ej3-digitos.txt,35,"[35, 10, 10, 10, 10]",LOGISTIC,0.1,1,LOGISTIC,QUADRATIC_MULTILAYER,5,0.0001
0,206,0.6972778049750834,1.6416310512912886,ej3/perceptron_data/TP3-ej3-digitos.txt,35,"[35, 10, 10, 10, 10]",LOGISTIC,0.1,1,LOGISTIC,QUADRATIC_MULTILAYER,5,0.0001
0,207,0.6964368160788936,1.619668434961244,ej3/perceptron_data/TP3-ej3-digitos.txt,35,"[35, 10, 10, 10, 10]",LOGISTIC,0.1,1,LOGISTIC,QUADRATIC_MULTILAYER,5,0.0001
0,208,0.6797452420829925,1.592619010931593,ej3/perceptron_data/TP3-ej3-digitos.txt,35,"[35, 10, 10, 10, 10]",LOGISTIC,0.1,1,LOGISTIC,QUADRATIC_MULTILAYER,5,0.0001
0,209,0.6791322626338683,1.6346030916186587,ej3/perceptron_data/TP3-ej3-digitos.txt,35,"[35, 10, 10, 10, 10]",LOGISTIC,0.1,1,LOGISTIC,QUADRATIC_MULTILAYER,5,0.0001
0,210,0.6708547855541449,1.6320786131758427,ej3/perceptron_data/TP3-ej3-digitos.txt,35,"[35, 10, 10, 10, 10]",LOGISTIC,0.1,1,LOGISTIC,QUADRATIC_MULTILAYER,5,0.0001
0,211,0.6806018121543588,1.6686533725130728,ej3/perceptron_data/TP3-ej3-digitos.txt,35,"[35, 10, 10, 10, 10]",LOGISTIC,0.1,1,LOGISTIC,QUADRATIC_MULTILAYER,5,0.0001
0,212,0.6921638565798356,1.6754598048818394,ej3/perceptron_data/TP3-ej3-digitos.txt,35,"[35, 10, 10, 10, 10]",LOGISTIC,0.1,1,LOGISTIC,QUADRATIC_MULTILAYER,5,0.0001
0,213,0.6493277950472298,1.6389084418139956,ej3/perceptron_data/TP3-ej3-digitos.txt,35,"[35, 10, 10, 10, 10]",LOGISTIC,0.1,1,LOGISTIC,QUADRATIC_MULTILAYER,5,0.0001
0,214,0.6529881682720479,1.6188913203714805,ej3/perceptron_data/TP3-ej3-digitos.txt,35,"[35, 10, 10, 10, 10]",LOGISTIC,0.1,1,LOGISTIC,QUADRATIC_MULTILAYER,5,0.0001
0,215,0.6606461198469864,1.6586419051284713,ej3/perceptron_data/TP3-ej3-digitos.txt,35,"[35, 10, 10, 10, 10]",LOGISTIC,0.1,1,LOGISTIC,QUADRATIC_MULTILAYER,5,0.0001
0,216,0.6653442187684329,1.6292598116006523,ej3/perceptron_data/TP3-ej3-digitos.txt,35,"[35, 10, 10, 10, 10]",LOGISTIC,0.1,1,LOGISTIC,QUADRATIC_MULTILAYER,5,0.0001
0,217,0.625958347719382,1.6091324996025373,ej3/perceptron_data/TP3-ej3-digitos.txt,35,"[35, 10, 10, 10, 10]",LOGISTIC,0.1,1,LOGISTIC,QUADRATIC_MULTILAYER,5,0.0001
0,218,0.6168473019921423,1.6277504475206475,ej3/perceptron_data/TP3-ej3-digitos.txt,35,"[35, 10, 10, 10, 10]",LOGISTIC,0.1,1,LOGISTIC,QUADRATIC_MULTILAYER,5,0.0001
0,219,0.6234703793560366,1.6219303689244915,ej3/perceptron_data/TP3-ej3-digitos.txt,35,"[35, 10, 10, 10, 10]",LOGISTIC,0.1,1,LOGISTIC,QUADRATIC_MULTILAYER,5,0.0001
0,220,0.6184502453706506,1.5968494646898699,ej3/perceptron_data/TP3-ej3-digitos.txt,35,"[35, 10, 10, 10, 10]",LOGISTIC,0.1,1,LOGISTIC,QUADRATIC_MULTILAYER,5,0.0001
0,221,0.6081604290818213,1.5666283709695323,ej3/perceptron_data/TP3-ej3-digitos.txt,35,"[35, 10, 10, 10, 10]",LOGISTIC,0.1,1,LOGISTIC,QUADRATIC_MULTILAYER,5,0.0001
0,222,0.5987863976483807,1.5891111979044081,ej3/perceptron_data/TP3-ej3-digitos.txt,35,"[35, 10, 10, 10, 10]",LOGISTIC,0.1,1,LOGISTIC,QUADRATIC_MULTILAYER,5,0.0001
0,223,0.5876359033587036,1.5711053229541212,ej3/perceptron_data/TP3-ej3-digitos.txt,35,"[35, 10, 10, 10, 10]",LOGISTIC,0.1,1,LOGISTIC,QUADRATIC_MULTILAYER,5,0.0001
0,224,0.5924980250901247,1.5391897093103664,ej3/perceptron_data/TP3-ej3-digitos.txt,35,"[35, 10, 10, 10, 10]",LOGISTIC,0.1,1,LOGISTIC,QUADRATIC_MULTILAYER,5,0.0001
0,225,0.5769584061152808,1.6080483315445677,ej3/perceptron_data/TP3-ej3-digitos.txt,35,"[35, 10, 10, 10, 10]",LOGISTIC,0.1,1,LOGISTIC,QUADRATIC_MULTILAYER,5,0.0001
0,226,0.5757147026127767,1.5908695860347102,ej3/perceptron_data/TP3-ej3-digitos.txt,35,"[35, 10, 10, 10, 10]",LOGISTIC,0.1,1,LOGISTIC,QUADRATIC_MULTILAYER,5,0.0001
0,227,0.5878769616336094,1.6028394193382307,ej3/perceptron_data/TP3-ej3-digitos.txt,35,"[35, 10, 10, 10, 10]",LOGISTIC,0.1,1,LOGISTIC,QUADRATIC_MULTILAYER,5,0.0001
0,228,0.5814350859147546,1.5768022575432006,ej3/perceptron_data/TP3-ej3-digitos.txt,35,"[35, 10, 10, 10, 10]",LOGISTIC,0.1,1,LOGISTIC,QUADRATIC_MULTILAYER,5,0.0001
0,229,0.5767018643791104,1.6314954949996179,ej3/perceptron_data/TP3-ej3-digitos.txt,35,"[35, 10, 10, 10, 10]",LOGISTIC,0.1,1,LOGISTIC,QUADRATIC_MULTILAYER,5,0.0001
0,230,0.5856763828937142,1.6546644861238884,ej3/perceptron_data/TP3-ej3-digitos.txt,35,"[35, 10, 10, 10, 10]",LOGISTIC,0.1,1,LOGISTIC,QUADRATIC_MULTILAYER,5,0.0001
0,231,0.5553464271463816,1.5893382117676498,ej3/perceptron_data/TP3-ej3-digitos.txt,35,"[35, 10, 10, 10, 10]",LOGISTIC,0.1,1,LOGISTIC,QUADRATIC_MULTILAYER,5,0.0001
0,232,0.5447787293370501,1.5976126162650903,ej3/perceptron_data/TP3-ej3-digitos.txt,35,"[35, 10, 10, 10, 10]",LOGISTIC,0.1,1,LOGISTIC,QUADRATIC_MULTILAYER,5,0.0001
0,233,0.5392774087030578,1.580764261379284,ej3/perceptron_data/TP3-ej3-digitos.txt,35,"[35, 10, 10, 10, 10]",LOGISTIC,0.1,1,LOGISTIC,QUADRATIC_MULTILAYER,5,0.0001
0,234,0.5332130323866365,1.6150911668583807,ej3/perceptron_data/TP3-ej3-digitos.txt,35,"[35, 10, 10, 10, 10]",LOGISTIC,0.1,1,LOGISTIC,QUADRATIC_MULTILAYER,5,0.0001
0,235,0.5298634009584365,1.6480780314440602,ej3/perceptron_data/TP3-ej3-digitos.txt,35,"[35, 10, 10, 10, 10]",LOGISTIC,0.1,1,LOGISTIC,QUADRATIC_MULTILAYER,5,0.0001
0,236,0.5201249378967563,1.6087659449310325,ej3/perceptron_data/TP3-ej3-digitos.txt,35,"[35, 10, 10, 10, 10]",LOGISTIC,0.1,1,LOGISTIC,QUADRATIC_MULTILAYER,5,0.0001
0,237,0.512949929477291,1.6268627910103004,ej3/perceptron_data/TP3-ej3-digitos.txt,35,"[35, 10, 10, 10, 10]",LOGISTIC,0.1,1,LOGISTIC,QUADRATIC_MULTILAYER,5,0.0001
0,238,0.5136741029070928,1.6405642251753725,ej3/perceptron_data/TP3-ej3-digitos.txt,35,"[35, 10, 10, 10, 10]",LOGISTIC,0.1,1,LOGISTIC,QUADRATIC_MULTILAYER,5,0.0001
0,239,0.5265259075342779,1.6458294913050147,ej3/perceptron_data/TP3-ej3-digitos.txt,35,"[35, 10, 10, 10, 10]",LOGISTIC,0.1,1,LOGISTIC,QUADRATIC_MULTILAYER,5,0.0001
0,240,0.5019714252726126,1.6196674890556082,ej3/perceptron_data/TP3-ej3-digitos.txt,35,"[35, 10, 10, 10, 10]",LOGISTIC,0.1,1,LOGISTIC,QUADRATIC_MULTILAYER,5,0.0001
0,241,0.5020749984046191,1.6330615318505373,ej3/perceptron_data/TP3-ej3-digitos.txt,35,"[35, 10, 10, 10, 10]",LOGISTIC,0.1,1,LOGISTIC,QUADRATIC_MULTILAYER,5,0.0001
0,242,0.51007414684393,1.6570603362858756,ej3/perceptron_data/TP3-ej3-digitos.txt,35,"[35, 10, 10, 10, 10]",LOGISTIC,0.1,1,LOGISTIC,QUADRATIC_MULTILAYER,5,0.0001
0,243,0.5216411427141545,1.6683312765892784,ej3/perceptron_data/TP3-ej3-digitos.txt,35,"[35, 10, 10, 10, 10]",LOGISTIC,0.1,1,LOGISTIC,QUADRATIC_MULTILAYER,5,0.0001
0,244,0.4932972889754187,1.6432233809849537,ej3/perceptron_data/TP3-ej3-digitos.txt,35,"[35, 10, 10, 10, 10]",LOGISTIC,0.1,1,LOGISTIC,QUADRATIC_MULTILAYER,5,0.0001
0,245,0.5002461073439861,1.6682491289956154,ej3/perceptron_data/TP3-ej3-digitos.txt,35,"[35, 10, 10, 10, 10]",LOGISTIC,0.1,1,LOGISTIC,QUADRATIC_MULTILAYER,5,0.0001
0,246,0.5086354604835976,1.6850522322338535,ej3/perceptron_data/TP3-ej3-digitos.txt,35,"[35, 10, 10, 10, 10]",LOGISTIC,0.1,1,LOGISTIC,QUADRATIC_MULTILAYER,5,0.0001
0,247,0.4905086263988374,1.65475785838349,ej3/perceptron_data/TP3-ej3-digitos.txt,35,"[35, 10, 10, 10, 10]",LOGISTIC,0.1,1,LOGISTIC,QUADRATIC_MULTILAYER,5,0.0001
0,248,0.47386613978510833,1.6458183519759673,ej3/perceptron_data/TP3-ej3-digitos.txt,35,"[35, 10, 10, 10, 10]",LOGISTIC,0.1,1,LOGISTIC,QUADRATIC_MULTILAYER,5,0.0001
0,249,0.4670718529481698,1.6095002582322568,ej3/perceptron_data/TP3-ej3-digitos.txt,35,"[35, 10, 10, 10, 10]",LOGISTIC,0.1,1,LOGISTIC,QUADRATIC_MULTILAYER,5,0.0001
0,250,0.4674291843725519,1.6389403694751667,ej3/perceptron_data/TP3-ej3-digitos.txt,35,"[35, 10, 10, 10, 10]",LOGISTIC,0.1,1,LOGISTIC,QUADRATIC_MULTILAYER,5,0.0001
0,251,0.4667165420261201,1.605854140901902,ej3/perceptron_data/TP3-ej3-digitos.txt,35,"[35, 10, 10, 10, 10]",LOGISTIC,0.1,1,LOGISTIC,QUADRATIC_MULTILAYER,5,0.0001
0,252,0.4532224572522253,1.6123274471358189,ej3/perceptron_data/TP3-ej3-digitos.txt,35,"[35, 10, 10, 10, 10]",LOGISTIC,0.1,1,LOGISTIC,QUADRATIC_MULTILAYER,5,0.0001
0,253,0.45536462955898904,1.6124123143316924,ej3/perceptron_data/TP3-ej3-digitos.txt,35,"[35, 10, 10, 10, 10]",LOGISTIC,0.1,1,LOGISTIC,QUADRATIC_MULTILAYER,5,0.0001
0,254,0.4457336938721315,1.6423901388834645,ej3/perceptron_data/TP3-ej3-digitos.txt,35,"[35, 10, 10, 10, 10]",LOGISTIC,0.1,1,LOGISTIC,QUADRATIC_MULTILAYER,5,0.0001
0,255,0.44369113989949055,1.6690417809560274,ej3/perceptron_data/TP3-ej3-digitos.txt,35,"[35, 10, 10, 10, 10]",LOGISTIC,0.1,1,LOGISTIC,QUADRATIC_MULTILAYER,5,0.0001
0,256,0.4365270748544672,1.668267286781378,ej3/perceptron_data/TP3-ej3-digitos.txt,35,"[35, 10, 10, 10, 10]",LOGISTIC,0.1,1,LOGISTIC,QUADRATIC_MULTILAYER,5,0.0001
0,257,0.43509605726563305,1.6524179127313938,ej3/perceptron_data/TP3-ej3-digitos.txt,35,"[35, 10, 10, 10, 10]",LOGISTIC,0.1,1,LOGISTIC,QUADRATIC_MULTILAYER,5,0.0001
0,258,0.4308472776854148,1.6636926148762412,ej3/perceptron_data/TP3-ej3-digitos.txt,35,"[35, 10, 10, 10, 10]",LOGISTIC,0.1,1,LOGISTIC,QUADRATIC_MULTILAYER,5,0.0001
0,259,0.43029274155007896,1.631336072168449,ej3/perceptron_data/TP3-ej3-digitos.txt,35,"[35, 10, 10, 10, 10]",LOGISTIC,0.1,1,LOGISTIC,QUADRATIC_MULTILAYER,5,0.0001
0,260,0.4266755318368217,1.6393244912916953,ej3/perceptron_data/TP3-ej3-digitos.txt,35,"[35, 10, 10, 10, 10]",LOGISTIC,0.1,1,LOGISTIC,QUADRATIC_MULTILAYER,5,0.0001
0,261,0.4255282717676773,1.6426771610575686,ej3/perceptron_data/TP3-ej3-digitos.txt,35,"[35, 10, 10, 10, 10]",LOGISTIC,0.1,1,LOGISTIC,QUADRATIC_MULTILAYER,5,0.0001
0,262,0.4144442145325622,1.6336844125509633,ej3/perceptron_data/TP3-ej3-digitos.txt,35,"[35, 10, 10, 10, 10]",LOGISTIC,0.1,1,LOGISTIC,QUADRATIC_MULTILAYER,5,0.0001
0,263,0.4169675044984369,1.6065848300545051,ej3/perceptron_data/TP3-ej3-digitos.txt,35,"[35, 10, 10, 10, 10]",LOGISTIC,0.1,1,LOGISTIC,QUADRATIC_MULTILAYER,5,0.0001
0,264,0.4094718478721962,1.608725617032586,ej3/perceptron_data/TP3-ej3-digitos.txt,35,"[35, 10, 10, 10, 10]",LOGISTIC,0.1,1,LOGISTIC,QUADRATIC_MULTILAYER,5,0.0001
0,265,0.40736969453456096,1.6456615624045057,ej3/perceptron_data/TP3-ej3-digitos.txt,35,"[35, 10, 10, 10, 10]",LOGISTIC,0.1,1,LOGISTIC,QUADRATIC_MULTILAYER,5,0.0001
0,266,0.40927831065405657,1.6512001557208837,ej3/perceptron_data/TP3-ej3-digitos.txt,35,"[35, 10, 10, 10, 10]",LOGISTIC,0.1,1,LOGISTIC,QUADRATIC_MULTILAYER,5,0.0001
0,267,0.39700742644291964,1.6688571319401044,ej3/perceptron_data/TP3-ej3-digitos.txt,35,"[35, 10, 10, 10, 10]",LOGISTIC,0.1,1,LOGISTIC,QUADRATIC_MULTILAYER,5,0.0001
0,268,0.39832350279955625,1.6669374090778457,ej3/perceptron_data/TP3-ej3-digitos.txt,35,"[35, 10, 10, 10, 10]",LOGISTIC,0.1,1,LOGISTIC,QUADRATIC_MULTILAYER,5,0.0001
0,269,0.3901876915714625,1.657127639017327,ej3/perceptron_data/TP3-ej3-digitos.txt,35,"[35, 10, 10, 10, 10]",LOGISTIC,0.1,1,LOGISTIC,QUADRATIC_MULTILAYER,5,0.0001
0,270,0.391149214208204,1.6618447931498945,ej3/perceptron_data/TP3-ej3-digitos.txt,35,"[35, 10, 10, 10, 10]",LOGISTIC,0.1,1,LOGISTIC,QUADRATIC_MULTILAYER,5,0.0001
0,271,0.3875810849960717,1.6579125089609783,ej3/perceptron_data/TP3-ej3-digitos.txt,35,"[35, 10, 10, 10, 10]",LOGISTIC,0.1,1,LOGISTIC,QUADRATIC_MULTILAYER,5,0.0001
0,272,0.38065185308103366,1.6885043125930237,ej3/perceptron_data/TP3-ej3-digitos.txt,35,"[35, 10, 10, 10, 10]",LOGISTIC,0.1,1,LOGISTIC,QUADRATIC_MULTILAYER,5,0.0001
0,273,0.3804288571161245,1.6679490346888526,ej3/perceptron_data/TP3-ej3-digitos.txt,35,"[35, 10, 10, 10, 10]",LOGISTIC,0.1,1,LOGISTIC,QUADRATIC_MULTILAYER,5,0.0001
0,274,0.37511576712877,1.683369817871585,ej3/perceptron_data/TP3-ej3-digitos.txt,35,"[35, 10, 10, 10, 10]",LOGISTIC,0.1,1,LOGISTIC,QUADRATIC_MULTILAYER,5,0.0001
0,275,0.3757950582162099,1.6797797997266202,ej3/perceptron_data/TP3-ej3-digitos.txt,35,"[35, 10, 10, 10, 10]",LOGISTIC,0.1,1,LOGISTIC,QUADRATIC_MULTILAYER,5,0.0001
0,276,0.37777678823703637,1.6778570508920374,ej3/perceptron_data/TP3-ej3-digitos.txt,35,"[35, 10, 10, 10, 10]",LOGISTIC,0.1,1,LOGISTIC,QUADRATIC_MULTILAYER,5,0.0001
0,277,0.3675993025676878,1.6994832526979968,ej3/perceptron_data/TP3-ej3-digitos.txt,35,"[35, 10, 10, 10, 10]",LOGISTIC,0.1,1,LOGISTIC,QUADRATIC_MULTILAYER,5,0.0001
0,278,0.36984166059580975,1.681387350114938,ej3/perceptron_data/TP3-ej3-digitos.txt,35,"[35, 10, 10, 10, 10]",LOGISTIC,0.1,1,LOGISTIC,QUADRATIC_MULTILAYER,5,0.0001
0,279,0.3667184978859324,1.6527030074263271,ej3/perceptron_data/TP3-ej3-digitos.txt,35,"[35, 10, 10, 10, 10]",LOGISTIC,0.1,1,LOGISTIC,QUADRATIC_MULTILAYER,5,0.0001
0,280,0.3578806491149749,1.6778880700655174,ej3/perceptron_data/TP3-ej3-digitos.txt,35,"[35, 10, 10, 10, 10]",LOGISTIC,0.1,1,LOGISTIC,QUADRATIC_MULTILAYER,5,0.0001
0,281,0.35697041673588487,1.7000963016486197,ej3/perceptron_data/TP3-ej3-digitos.txt,35,"[35, 10, 10, 10, 10]",LOGISTIC,0.1,1,LOGISTIC,QUADRATIC_MULTILAYER,5,0.0001
0,282,0.36170991678067077,1.7000635734820126,ej3/perceptron_data/TP3-ej3-digitos.txt,35,"[35, 10, 10, 10, 10]",LOGISTIC,0.1,1,LOGISTIC,QUADRATIC_MULTILAYER,5,0.0001
0,283,0.36211950376039487,1.704856406344191,ej3/perceptron_data/TP3-ej3-digitos.txt,35,"[35, 10, 10, 10, 10]",LOGISTIC,0.1,1,LOGISTIC,QUADRATIC_MULTILAYER,5,0.0001
0,284,0.36703750175116134,1.694009208866593,ej3/perceptron_data/TP3-ej3-digitos.txt,35,"[35, 10, 10, 10, 10]",LOGISTIC,0.1,1,LOGISTIC,QUADRATIC_MULTILAYER,5,0.0001
0,285,0.37055354143002955,1.7014025854261663,ej3/perceptron_data/TP3-ej3-digitos.txt,35,"[35, 10, 10, 10, 10]",LOGISTIC,0.1,1,LOGISTIC,QUADRATIC_MULTILAYER,5,0.0001
0,286,0.3543439220040956,1.6801297664882107,ej3/perceptron_data/TP3-ej3-digitos.txt,35,"[35, 10, 10, 10, 10]",LOGISTIC,0.1,1,LOGISTIC,QUADRATIC_MULTILAYER,5,0.0001
0,287,0.3461041850100509,1.6648634268136013,ej3/perceptron_data/TP3-ej3-digitos.txt,35,"[35, 10, 10, 10, 10]",LOGISTIC,0.1,1,LOGISTIC,QUADRATIC_MULTILAYER,5,0.0001
0,288,0.3504818160836679,1.664355009353824,ej3/perceptron_data/TP3-ej3-digitos.txt,35,"[35, 10, 10, 10, 10]",LOGISTIC,0.1,1,LOGISTIC,QUADRATIC_MULTILAYER,5,0.0001
0,289,0.34332956967573963,1.6321568339282597,ej3/perceptron_data/TP3-ej3-digitos.txt,35,"[35, 10, 10, 10, 10]",LOGISTIC,0.1,1,LOGISTIC,QUADRATIC_MULTILAYER,5,0.0001
0,290,0.3412763302574702,1.6293007313258,ej3/perceptron_data/TP3-ej3-digitos.txt,35,"[35, 10, 10, 10, 10]",LOGISTIC,0.1,1,LOGISTIC,QUADRATIC_MULTILAYER,5,0.0001
0,291,0.3351159818241787,1.6429772471113417,ej3/perceptron_data/TP3-ej3-digitos.txt,35,"[35, 10, 10, 10, 10]",LOGISTIC,0.1,1,LOGISTIC,QUADRATIC_MULTILAYER,5,0.0001
0,292,0.33687816810889465,1.662279473014086,ej3/perceptron_data/TP3-ej3-digitos.txt,35,"[35, 10, 10, 10, 10]",LOGISTIC,0.1,1,LOGISTIC,QUADRATIC_MULTILAYER,5,0.0001
0,293,0.328131197951772,1.6990566787139352,ej3/perceptron_data/TP3-ej3-digitos.txt,35,"[35, 10, 10, 10, 10]",LOGISTIC,0.1,1,LOGISTIC,QUADRATIC_MULTILAYER,5,0.0001
0,294,0.32749510429328377,1.6938471997921947,ej3/perceptron_data/TP3-ej3-digitos.txt,35,"[35, 10, 10, 10, 10]",LOGISTIC,0.1,1,LOGISTIC,QUADRATIC_MULTILAYER,5,0.0001
0,295,0.32419182850217554,1.69600083350157,ej3/perceptron_data/TP3-ej3-digitos.txt,35,"[35, 10, 10, 10, 10]",LOGISTIC,0.1,1,LOGISTIC,QUADRATIC_MULTILAYER,5,0.0001
0,296,0.32294460257044516,1.6922659038151397,ej3/perceptron_data/TP3-ej3-digitos.txt,35,"[35, 10, 10, 10, 10]",LOGISTIC,0.1,1,LOGISTIC,QUADRATIC_MULTILAYER,5,0.0001
0,297,0.32190225723738297,1.7131277414684805,ej3/perceptron_data/TP3-ej3-digitos.txt,35,"[35, 10, 10, 10, 10]",LOGISTIC,0.1,1,LOGISTIC,QUADRATIC_MULTILAYER,5,0.0001
0,298,0.3254405331136028,1.7138536408051872,ej3/perceptron_data/TP3-ej3-digitos.txt,35,"[35, 10, 10, 10, 10]",LOGISTIC,0.1,1,LOGISTIC,QUADRATIC_MULTILAYER,5,0.0001
0,299,0.3159078956213276,1.7224474581830613,ej3/perceptron_data/TP3-ej3-digitos.txt,35,"[35, 10, 10, 10, 10]",LOGISTIC,0.1,1,LOGISTIC,QUADRATIC_MULTILAYER,5,0.0001
0,300,0.3129736154645259,1.6951158416215413,ej3/perceptron_data/TP3-ej3-digitos.txt,35,"[35, 10, 10, 10, 10]",LOGISTIC,0.1,1,LOGISTIC,QUADRATIC_MULTILAYER,5,0.0001
0,301,0.3100369089040092,1.686074925369889,ej3/perceptron_data/TP3-ej3-digitos.txt,35,"[35, 10, 10, 10, 10]",LOGISTIC,0.1,1,LOGISTIC,QUADRATIC_MULTILAYER,5,0.0001
0,302,0.3098509764587487,1.7081338753065718,ej3/perceptron_data/TP3-ej3-digitos.txt,35,"[35, 10, 10, 10, 10]",LOGISTIC,0.1,1,LOGISTIC,QUADRATIC_MULTILAYER,5,0.0001
0,303,0.30547306264762536,1.708051717196896,ej3/perceptron_data/TP3-ej3-digitos.txt,35,"[35, 10, 10, 10, 10]",LOGISTIC,0.1,1,LOGISTIC,QUADRATIC_MULTILAYER,5,0.0001
0,304,0.3035619507527557,1.7006425362644757,ej3/perceptron_data/TP3-ej3-digitos.txt,35,"[35, 10, 10, 10, 10]",LOGISTIC,0.1,1,LOGISTIC,QUADRATIC_MULTILAYER,5,0.0001
0,305,0.30373627551151094,1.7070303376150835,ej3/perceptron_data/TP3-ej3-digitos.txt,35,"[35, 10, 10, 10, 10]",LOGISTIC,0.1,1,LOGISTIC,QUADRATIC_MULTILAYER,5,0.0001
0,306,0.3022024587895025,1.7148976428118903,ej3/perceptron_data/TP3-ej3-digitos.txt,35,"[35, 10, 10, 10, 10]",LOGISTIC,0.1,1,LOGISTIC,QUADRATIC_MULTILAYER,5,0.0001
0,307,0.302111067988289,1.7116748231363932,ej3/perceptron_data/TP3-ej3-digitos.txt,35,"[35, 10, 10, 10, 10]",LOGISTIC,0.1,1,LOGISTIC,QUADRATIC_MULTILAYER,5,0.0001
0,308,0.2965793619365823,1.730859291131743,ej3/perceptron_data/TP3-ej3-digitos.txt,35,"[35, 10, 10, 10, 10]",LOGISTIC,0.1,1,LOGISTIC,QUADRATIC_MULTILAYER,5,0.0001
0,309,0.2974687553632662,1.7392701985146581,ej3/perceptron_data/TP3-ej3-digitos.txt,35,"[35, 10, 10, 10, 10]",LOGISTIC,0.1,1,LOGISTIC,QUADRATIC_MULTILAYER,5,0.0001
0,310,0.300501969036288,1.743592570978643,ej3/perceptron_data/TP3-ej3-digitos.txt,35,"[35, 10, 10, 10, 10]",LOGISTIC,0.1,1,LOGISTIC,QUADRATIC_MULTILAYER,5,0.0001
0,311,0.30293008580544184,1.7490566208061895,ej3/perceptron_data/TP3-ej3-digitos.txt,35,"[35, 10, 10, 10, 10]",LOGISTIC,0.1,1,LOGISTIC,QUADRATIC_MULTILAYER,5,0.0001
0,312,0.30635807055956515,1.7374086827359632,ej3/perceptron_data/TP3-ej3-digitos.txt,35,"[35, 10, 10, 10, 10]",LOGISTIC,0.1,1,LOGISTIC,QUADRATIC_MULTILAYER,5,0.0001
0,313,0.2935128978721626,1.719676700849027,ej3/perceptron_data/TP3-ej3-digitos.txt,35,"[35, 10, 10, 10, 10]",LOGISTIC,0.1,1,LOGISTIC,QUADRATIC_MULTILAYER,5,0.0001
0,314,0.2845489044065313,1.7175748617104512,ej3/perceptron_data/TP3-ej3-digitos.txt,35,"[35, 10, 10, 10, 10]",LOGISTIC,0.1,1,LOGISTIC,QUADRATIC_MULTILAYER,5,0.0001
0,315,0.2837633307936227,1.6961935771629892,ej3/perceptron_data/TP3-ej3-digitos.txt,35,"[35, 10, 10, 10, 10]",LOGISTIC,0.1,1,LOGISTIC,QUADRATIC_MULTILAYER,5,0.0001
0,316,0.2811458342665832,1.6916967830253742,ej3/perceptron_data/TP3-ej3-digitos.txt,35,"[35, 10, 10, 10, 10]",LOGISTIC,0.1,1,LOGISTIC,QUADRATIC_MULTILAYER,5,0.0001
0,317,0.27852966197502876,1.714119256967968,ej3/perceptron_data/TP3-ej3-digitos.txt,35,"[35, 10, 10, 10, 10]",LOGISTIC,0.1,1,LOGISTIC,QUADRATIC_MULTILAYER,5,0.0001
0,318,0.2771468359130712,1.7255460240194251,ej3/perceptron_data/TP3-ej3-digitos.txt,35,"[35, 10, 10, 10, 10]",LOGISTIC,0.1,1,LOGISTIC,QUADRATIC_MULTILAYER,5,0.0001
0,319,0.2786157092762935,1.711601645245213,ej3/perceptron_data/TP3-ej3-digitos.txt,35,"[35, 10, 10, 10, 10]",LOGISTIC,0.1,1,LOGISTIC,QUADRATIC_MULTILAYER,5,0.0001
0,320,0.27898199646667715,1.694460301815895,ej3/perceptron_data/TP3-ej3-digitos.txt,35,"[35, 10, 10, 10, 10]",LOGISTIC,0.1,1,LOGISTIC,QUADRATIC_MULTILAYER,5,0.0001
0,321,0.2789695438877283,1.7065562395354366,ej3/perceptron_data/TP3-ej3-digitos.txt,35,"[35, 10, 10, 10, 10]",LOGISTIC,0.1,1,LOGISTIC,QUADRATIC_MULTILAYER,5,0.0001
0,322,0.28070091458896723,1.7163862183644252,ej3/perceptron_data/TP3-ej3-digitos.txt,35,"[35, 10, 10, 10, 10]",LOGISTIC,0.1,1,LOGISTIC,QUADRATIC_MULTILAYER,5,0.0001
0,323,0.28057346127557653,1.7210466728857812,ej3/perceptron_data/TP3-ej3-digitos.txt,35,"[35, 10, 10, 10, 10]",LOGISTIC,0.1,1,LOGISTIC,QUADRATIC_MULTILAYER,5,0.0001
0,324,0.2720665244072547,1.7390085717045474,ej3/perceptron_data/TP3-ej3-digitos.txt,35,"[35, 10, 10, 10, 10]",LOGISTIC,0.1,1,LOGISTIC,QUADRATIC_MULTILAYER,5,0.0001
0,325,0.27346538334959725,1.7393409896761114,ej3/perceptron_data/TP3-ej3-digitos.txt,35,"[35, 10, 10, 10, 10]",LOGISTIC,0.1,1,LOGISTIC,QUADRATIC_MULTILAYER,5,0.0001
0,326,0.26756751615889224,1.7369555595699897,ej3/perceptron_data/TP3-ej3-digitos.txt,35,"[35, 10, 10, 10, 10]",LOGISTIC,0.1,1,LOGISTIC,QUADRATIC_MULTILAYER,5,0.0001
0,327,0.26450665865294287,1.731674671974907,ej3/perceptron_data/TP3-ej3-digitos.txt,35,"[35, 10, 10, 10, 10]",LOGISTIC,0.1,1,LOGISTIC,QUADRATIC_MULTILAYER,5,0.0001
0,328,0.26413296622925064,1.7207870170663115,ej3/perceptron_data/TP3-ej3-digitos.txt,35,"[35, 10, 10, 10, 10]",LOGISTIC,0.1,1,LOGISTIC,QUADRATIC_MULTILAYER,5,0.0001
0,329,0.264319376727642,1.7224744246201635,ej3/perceptron_data/TP3-ej3-digitos.txt,35,"[35, 10, 10, 10, 10]",LOGISTIC,0.1,1,LOGISTIC,QUADRATIC_MULTILAYER,5,0.0001
0,330,0.26562025417812946,1.7231287805872648,ej3/perceptron_data/TP3-ej3-digitos.txt,35,"[35, 10, 10, 10, 10]",LOGISTIC,0.1,1,LOGISTIC,QUADRATIC_MULTILAYER,5,0.0001
0,331,0.26691836611168884,1.7242228425121688,ej3/perceptron_data/TP3-ej3-digitos.txt,35,"[35, 10, 10, 10, 10]",LOGISTIC,0.1,1,LOGISTIC,QUADRATIC_MULTILAYER,5,0.0001
0,332,0.25868235387842087,1.726409155471685,ej3/perceptron_data/TP3-ej3-digitos.txt,35,"[35, 10, 10, 10, 10]",LOGISTIC,0.1,1,LOGISTIC,QUADRATIC_MULTILAYER,5,0.0001
0,333,0.2556815246573251,1.7261118463406373,ej3/perceptron_data/TP3-ej3-digitos.txt,35,"[35, 10, 10, 10, 10]",LOGISTIC,0.1,1,LOGISTIC,QUADRATIC_MULTILAYER,5,0.0001
0,334,0.25528918371206477,1.7312596901602606,ej3/perceptron_data/TP3-ej3-digitos.txt,35,"[35, 10, 10, 10, 10]",LOGISTIC,0.1,1,LOGISTIC,QUADRATIC_MULTILAYER,5,0.0001
0,335,0.2538807302947228,1.7441582181419701,ej3/perceptron_data/TP3-ej3-digitos.txt,35,"[35, 10, 10, 10, 10]",LOGISTIC,0.1,1,LOGISTIC,QUADRATIC_MULTILAYER,5,0.0001
0,336,0.24995023480810297,1.7448551797640304,ej3/perceptron_data/TP3-ej3-digitos.txt,35,"[35, 10, 10, 10, 10]",LOGISTIC,0.1,1,LOGISTIC,QUADRATIC_MULTILAYER,5,0.0001
0,337,0.25074265139999397,1.753597020946758,ej3/perceptron_data/TP3-ej3-digitos.txt,35,"[35, 10, 10, 10, 10]",LOGISTIC,0.1,1,LOGISTIC,QUADRATIC_MULTILAYER,5,0.0001
0,338,0.2475700352414918,1.7436433990221178,ej3/perceptron_data/TP3-ej3-digitos.txt,35,"[35, 10, 10, 10, 10]",LOGISTIC,0.1,1,LOGISTIC,QUADRATIC_MULTILAYER,5,0.0001
0,339,0.24502899497006533,1.7484989498581485,ej3/perceptron_data/TP3-ej3-digitos.txt,35,"[35, 10, 10, 10, 10]",LOGISTIC,0.1,1,LOGISTIC,QUADRATIC_MULTILAYER,5,0.0001
0,340,0.24561968556737843,1.7456116294422168,ej3/perceptron_data/TP3-ej3-digitos.txt,35,"[35, 10, 10, 10, 10]",LOGISTIC,0.1,1,LOGISTIC,QUADRATIC_MULTILAYER,5,0.0001
0,341,0.24371999867730992,1.7300271415863162,ej3/perceptron_data/TP3-ej3-digitos.txt,35,"[35, 10, 10, 10, 10]",LOGISTIC,0.1,1,LOGISTIC,QUADRATIC_MULTILAYER,5,0.0001
0,342,0.24298928536416886,1.7380487479901767,ej3/perceptron_data/TP3-ej3-digitos.txt,35,"[35, 10, 10, 10, 10]",LOGISTIC,0.1,1,LOGISTIC,QUADRATIC_MULTILAYER,5,0.0001
0,343,0.24029128245956138,1.738748473058027,ej3/perceptron_data/TP3-ej3-digitos.txt,35,"[35, 10, 10, 10, 10]",LOGISTIC,0.1,1,LOGISTIC,QUADRATIC_MULTILAYER,5,0.0001
0,344,0.2401994987169704,1.7511975330032394,ej3/perceptron_data/TP3-ej3-digitos.txt,35,"[35, 10, 10, 10, 10]",LOGISTIC,0.1,1,LOGISTIC,QUADRATIC_MULTILAYER,5,0.0001
0,345,0.23894168970685953,1.7434706266951427,ej3/perceptron_data/TP3-ej3-digitos.txt,35,"[35, 10, 10, 10, 10]",LOGISTIC,0.1,1,LOGISTIC,QUADRATIC_MULTILAYER,5,0.0001
0,346,0.2382872461377898,1.7414425156112143,ej3/perceptron_data/TP3-ej3-digitos.txt,35,"[35, 10, 10, 10, 10]",LOGISTIC,0.1,1,LOGISTIC,QUADRATIC_MULTILAYER,5,0.0001
0,347,0.2387584713208053,1.75520919109829,ej3/perceptron_data/TP3-ej3-digitos.txt,35,"[35, 10, 10, 10, 10]",LOGISTIC,0.1,1,LOGISTIC,QUADRATIC_MULTILAYER,5,0.0001
0,348,0.24122033400354886,1.748623295638906,ej3/perceptron_data/TP3-ej3-digitos.txt,35,"[35, 10, 10, 10, 10]",LOGISTIC,0.1,1,LOGISTIC,QUADRATIC_MULTILAYER,5,0.0001
0,349,0.23518374185400526,1.7488748224523223,ej3/perceptron_data/TP3-ej3-digitos.txt,35,"[35, 10, 10, 10, 10]",LOGISTIC,0.1,1,LOGISTIC,QUADRATIC_MULTILAYER,5,0.0001
0,350,0.23610242564131406,1.7379918558410896,ej3/perceptron_data/TP3-ej3-digitos.txt,35,"[35, 10, 10, 10, 10]",LOGISTIC,0.1,1,LOGISTIC,QUADRATIC_MULTILAYER,5,0.0001
0,351,0.23198101488525114,1.740658907981704,ej3/perceptron_data/TP3-ej3-digitos.txt,35,"[35, 10, 10, 10, 10]",LOGISTIC,0.1,1,LOGISTIC,QUADRATIC_MULTILAYER,5,0.0001
0,352,0.22900996610491967,1.7264536448438326,ej3/perceptron_data/TP3-ej3-digitos.txt,35,"[35, 10, 10, 10, 10]",LOGISTIC,0.1,1,LOGISTIC,QUADRATIC_MULTILAYER,5,0.0001
0,353,0.2281906170459413,1.7276976264634172,ej3/perceptron_data/TP3-ej3-digitos.txt,35,"[35, 10, 10, 10, 10]",LOGISTIC,0.1,1,LOGISTIC,QUADRATIC_MULTILAYER,5,0.0001
0,354,0.22845595146353662,1.7356405345181467,ej3/perceptron_data/TP3-ej3-digitos.txt,35,"[35, 10, 10, 10, 10]",LOGISTIC,0.1,1,LOGISTIC,QUADRATIC_MULTILAYER,5,0.0001
0,355,0.22528562953128525,1.7402753235600943,ej3/perceptron_data/TP3-ej3-digitos.txt,35,"[35, 10, 10, 10, 10]",LOGISTIC,0.1,1,LOGISTIC,QUADRATIC_MULTILAYER,5,0.0001
0,356,0.22367228664193528,1.7394913559272769,ej3/perceptron_data/TP3-ej3-digitos.txt,35,"[35, 10, 10, 10, 10]",LOGISTIC,0.1,1,LOGISTIC,QUADRATIC_MULTILAYER,5,0.0001
0,357,0.22088426427547803,1.753772875053411,ej3/perceptron_data/TP3-ej3-digitos.txt,35,"[35, 10, 10, 10, 10]",LOGISTIC,0.1,1,LOGISTIC,QUADRATIC_MULTILAYER,5,0.0001
0,358,0.21988018823165792,1.7427779995309585,ej3/perceptron_data/TP3-ej3-digitos.txt,35,"[35, 10, 10, 10, 10]",LOGISTIC,0.1,1,LOGISTIC,QUADRATIC_MULTILAYER,5,0.0001
0,359,0.21925083769315173,1.7328742405377853,ej3/perceptron_data/TP3-ej3-digitos.txt,35,"[35, 10, 10, 10, 10]",LOGISTIC,0.1,1,LOGISTIC,QUADRATIC_MULTILAYER,5,0.0001
0,360,0.21718224493527388,1.7445329821893214,ej3/perceptron_data/TP3-ej3-digitos.txt,35,"[35, 10, 10, 10, 10]",LOGISTIC,0.1,1,LOGISTIC,QUADRATIC_MULTILAYER,5,0.0001
0,361,0.21529505437762095,1.748758563850218,ej3/perceptron_data/TP3-ej3-digitos.txt,35,"[35, 10, 10, 10, 10]",LOGISTIC,0.1,1,LOGISTIC,QUADRATIC_MULTILAYER,5,0.0001
0,362,0.2139623318085822,1.7564190692153783,ej3/perceptron_data/TP3-ej3-digitos.txt,35,"[35, 10, 10, 10, 10]",LOGISTIC,0.1,1,LOGISTIC,QUADRATIC_MULTILAYER,5,0.0001
0,363,0.2132410962682614,1.7639419273524048,ej3/perceptron_data/TP3-ej3-digitos.txt,35,"[35, 10, 10, 10, 10]",LOGISTIC,0.1,1,LOGISTIC,QUADRATIC_MULTILAYER,5,0.0001
0,364,0.211501233588526,1.765954922072639,ej3/perceptron_data/TP3-ej3-digitos.txt,35,"[35, 10, 10, 10, 10]",LOGISTIC,0.1,1,LOGISTIC,QUADRATIC_MULTILAYER,5,0.0001
0,365,0.21078897126750748,1.7576295041969663,ej3/perceptron_data/TP3-ej3-digitos.txt,35,"[35, 10, 10, 10, 10]",LOGISTIC,0.1,1,LOGISTIC,QUADRATIC_MULTILAYER,5,0.0001
0,366,0.20996317891240626,1.7480785687681522,ej3/perceptron_data/TP3-ej3-digitos.txt,35,"[35, 10, 10, 10, 10]",LOGISTIC,0.1,1,LOGISTIC,QUADRATIC_MULTILAYER,5,0.0001
0,367,0.20860423884448415,1.7330692486064931,ej3/perceptron_data/TP3-ej3-digitos.txt,35,"[35, 10, 10, 10, 10]",LOGISTIC,0.1,1,LOGISTIC,QUADRATIC_MULTILAYER,5,0.0001
0,368,0.20805963535878413,1.7277646842581236,ej3/perceptron_data/TP3-ej3-digitos.txt,35,"[35, 10, 10, 10, 10]",LOGISTIC,0.1,1,LOGISTIC,QUADRATIC_MULTILAYER,5,0.0001
0,369,0.20565487884576214,1.7388483872093516,ej3/perceptron_data/TP3-ej3-digitos.txt,35,"[35, 10, 10, 10, 10]",LOGISTIC,0.1,1,LOGISTIC,QUADRATIC_MULTILAYER,5,0.0001
0,370,0.20460540388829068,1.7485143928271751,ej3/perceptron_data/TP3-ej3-digitos.txt,35,"[35, 10, 10, 10, 10]",LOGISTIC,0.1,1,LOGISTIC,QUADRATIC_MULTILAYER,5,0.0001
0,371,0.20424117574324502,1.7610191016090193,ej3/perceptron_data/TP3-ej3-digitos.txt,35,"[35, 10, 10, 10, 10]",LOGISTIC,0.1,1,LOGISTIC,QUADRATIC_MULTILAYER,5,0.0001
0,372,0.2019129794225977,1.7689872852396566,ej3/perceptron_data/TP3-ej3-digitos.txt,35,"[35, 10, 10, 10, 10]",LOGISTIC,0.1,1,LOGISTIC,QUADRATIC_MULTILAYER,5,0.0001
0,373,0.20216752482900752,1.764860335766097,ej3/perceptron_data/TP3-ej3-digitos.txt,35,"[35, 10, 10, 10, 10]",LOGISTIC,0.1,1,LOGISTIC,QUADRATIC_MULTILAYER,5,0.0001
0,374,0.20117097921074997,1.7709647671091782,ej3/perceptron_data/TP3-ej3-digitos.txt,35,"[35, 10, 10, 10, 10]",LOGISTIC,0.1,1,LOGISTIC,QUADRATIC_MULTILAYER,5,0.0001
0,375,0.19974709941508087,1.7611039496498364,ej3/perceptron_data/TP3-ej3-digitos.txt,35,"[35, 10, 10, 10, 10]",LOGISTIC,0.1,1,LOGISTIC,QUADRATIC_MULTILAYER,5,0.0001
0,376,0.197806330381955,1.769435866521353,ej3/perceptron_data/TP3-ej3-digitos.txt,35,"[35, 10, 10, 10, 10]",LOGISTIC,0.1,1,LOGISTIC,QUADRATIC_MULTILAYER,5,0.0001
0,377,0.1972173858823034,1.7595692575797486,ej3/perceptron_data/TP3-ej3-digitos.txt,35,"[35, 10, 10, 10, 10]",LOGISTIC,0.1,1,LOGISTIC,QUADRATIC_MULTILAYER,5,0.0001
0,378,0.19578758182491188,1.7681049087475393,ej3/perceptron_data/TP3-ej3-digitos.txt,35,"[35, 10, 10, 10, 10]",LOGISTIC,0.1,1,LOGISTIC,QUADRATIC_MULTILAYER,5,0.0001
0,379,0.19489367291137072,1.7714949319454565,ej3/perceptron_data/TP3-ej3-digitos.txt,35,"[35, 10, 10, 10, 10]",LOGISTIC,0.1,1,LOGISTIC,QUADRATIC_MULTILAYER,5,0.0001
0,380,0.19511017786206764,1.76746327735869,ej3/perceptron_data/TP3-ej3-digitos.txt,35,"[35, 10, 10, 10, 10]",LOGISTIC,0.1,1,LOGISTIC,QUADRATIC_MULTILAYER,5,0.0001
0,381,0.19340648972851476,1.772879303434808,ej3/perceptron_data/TP3-ej3-digitos.txt,35,"[35, 10, 10, 10, 10]",LOGISTIC,0.1,1,LOGISTIC,QUADRATIC_MULTILAYER,5,0.0001
0,382,0.19223899094426647,1.7706855777822759,ej3/perceptron_data/TP3-ej3-digitos.txt,35,"[35, 10, 10, 10, 10]",LOGISTIC,0.1,1,LOGISTIC,QUADRATIC_MULTILAYER,5,0.0001
0,383,0.19127059236663294,1.775463334162039,ej3/perceptron_data/TP3-ej3-digitos.txt,35,"[35, 10, 10, 10, 10]",LOGISTIC,0.1,1,LOGISTIC,QUADRATIC_MULTILAYER,5,0.0001
0,384,0.19156386132525577,1.7715637036971517,ej3/perceptron_data/TP3-ej3-digitos.txt,35,"[35, 10, 10, 10, 10]",LOGISTIC,0.1,1,LOGISTIC,QUADRATIC_MULTILAYER,5,0.0001
0,385,0.18867981880370788,1.7745793210005345,ej3/perceptron_data/TP3-ej3-digitos.txt,35,"[35, 10, 10, 10, 10]",LOGISTIC,0.1,1,LOGISTIC,QUADRATIC_MULTILAYER,5,0.0001
0,386,0.18759822133159668,1.760805690090759,ej3/perceptron_data/TP3-ej3-digitos.txt,35,"[35, 10, 10, 10, 10]",LOGISTIC,0.1,1,LOGISTIC,QUADRATIC_MULTILAYER,5,0.0001
0,387,0.1875937866161923,1.7659877293200945,ej3/perceptron_data/TP3-ej3-digitos.txt,35,"[35, 10, 10, 10, 10]",LOGISTIC,0.1,1,LOGISTIC,QUADRATIC_MULTILAYER,5,0.0001
0,388,0.18714343960421195,1.770574039818455,ej3/perceptron_data/TP3-ej3-digitos.txt,35,"[35, 10, 10, 10, 10]",LOGISTIC,0.1,1,LOGISTIC,QUADRATIC_MULTILAYER,5,0.0001
0,389,0.18567525895647968,1.7855596103273765,ej3/perceptron_data/TP3-ej3-digitos.txt,35,"[35, 10, 10, 10, 10]",LOGISTIC,0.1,1,LOGISTIC,QUADRATIC_MULTILAYER,5,0.0001
0,390,0.18493399478122816,1.7715107632729294,ej3/perceptron_data/TP3-ej3-digitos.txt,35,"[35, 10, 10, 10, 10]",LOGISTIC,0.1,1,LOGISTIC,QUADRATIC_MULTILAYER,5,0.0001
0,391,0.1836224069453201,1.7826716708337906,ej3/perceptron_data/TP3-ej3-digitos.txt,35,"[35, 10, 10, 10, 10]",LOGISTIC,0.1,1,LOGISTIC,QUADRATIC_MULTILAYER,5,0.0001
0,392,0.18239962141312363,1.789888826316176,ej3/perceptron_data/TP3-ej3-digitos.txt,35,"[35, 10, 10, 10, 10]",LOGISTIC,0.1,1,LOGISTIC,QUADRATIC_MULTILAYER,5,0.0001
0,393,0.18150618171515692,1.7824948236474862,ej3/perceptron_data/TP3-ej3-digitos.txt,35,"[35, 10, 10, 10, 10]",LOGISTIC,0.1,1,LOGISTIC,QUADRATIC_MULTILAYER,5,0.0001
0,394,0.18124439738963263,1.7807627927618106,ej3/perceptron_data/TP3-ej3-digitos.txt,35,"[35, 10, 10, 10, 10]",LOGISTIC,0.1,1,LOGISTIC,QUADRATIC_MULTILAYER,5,0.0001
0,395,0.180113334225142,1.7813628914631923,ej3/perceptron_data/TP3-ej3-digitos.txt,35,"[35, 10, 10, 10, 10]",LOGISTIC,0.1,1,LOGISTIC,QUADRATIC_MULTILAYER,5,0.0001
0,396,0.17955603548155186,1.7831275699707965,ej3/perceptron_data/TP3-ej3-digitos.txt,35,"[35, 10, 10, 10, 10]",LOGISTIC,0.1,1,LOGISTIC,QUADRATIC_MULTILAYER,5,0.0001
0,397,0.17911024853367022,1.7790916598334183,ej3/perceptron_data/TP3-ej3-digitos.txt,35,"[35, 10, 10, 10, 10]",LOGISTIC,0.1,1,LOGISTIC,QUADRATIC_MULTILAYER,5,0.0001
0,398,0.17812677428797127,1.77632570794795,ej3/perceptron_data/TP3-ej3-digitos.txt,35,"[35, 10, 10, 10, 10]",LOGISTIC,0.1,1,LOGISTIC,QUADRATIC_MULTILAYER,5,0.0001
0,399,0.1781707765971142,1.7732171948620783,ej3/perceptron_data/TP3-ej3-digitos.txt,35,"[35, 10, 10, 10, 10]",LOGISTIC,0.1,1,LOGISTIC,QUADRATIC_MULTILAYER,5,0.0001
0,400,0.17735443013956267,1.7639492744351621,ej3/perceptron_data/TP3-ej3-digitos.txt,35,"[35, 10, 10, 10, 10]",LOGISTIC,0.1,1,LOGISTIC,QUADRATIC_MULTILAYER,5,0.0001
0,401,0.17566713879720952,1.7725201356313995,ej3/perceptron_data/TP3-ej3-digitos.txt,35,"[35, 10, 10, 10, 10]",LOGISTIC,0.1,1,LOGISTIC,QUADRATIC_MULTILAYER,5,0.0001
0,402,0.17450600689401374,1.778128750058478,ej3/perceptron_data/TP3-ej3-digitos.txt,35,"[35, 10, 10, 10, 10]",LOGISTIC,0.1,1,LOGISTIC,QUADRATIC_MULTILAYER,5,0.0001
0,403,0.1739085076282722,1.7809472536727669,ej3/perceptron_data/TP3-ej3-digitos.txt,35,"[35, 10, 10, 10, 10]",LOGISTIC,0.1,1,LOGISTIC,QUADRATIC_MULTILAYER,5,0.0001
0,404,0.17361035678779807,1.779404242965019,ej3/perceptron_data/TP3-ej3-digitos.txt,35,"[35, 10, 10, 10, 10]",LOGISTIC,0.1,1,LOGISTIC,QUADRATIC_MULTILAYER,5,0.0001
0,405,0.17228984766688038,1.7825562333171083,ej3/perceptron_data/TP3-ej3-digitos.txt,35,"[35, 10, 10, 10, 10]",LOGISTIC,0.1,1,LOGISTIC,QUADRATIC_MULTILAYER,5,0.0001
0,406,0.17153878155638716,1.7807353697110344,ej3/perceptron_data/TP3-ej3-digitos.txt,35,"[35, 10, 10, 10, 10]",LOGISTIC,0.1,1,LOGISTIC,QUADRATIC_MULTILAYER,5,0.0001
0,407,0.17153673588050902,1.784482091044587,ej3/perceptron_data/TP3-ej3-digitos.txt,35,"[35, 10, 10, 10, 10]",LOGISTIC,0.1,1,LOGISTIC,QUADRATIC_MULTILAYER,5,0.0001
0,408,0.17203874353679766,1.7872820343864602,ej3/perceptron_data/TP3-ej3-digitos.txt,35,"[35, 10, 10, 10, 10]",LOGISTIC,0.1,1,LOGISTIC,QUADRATIC_MULTILAYER,5,0.0001
0,409,0.1694104853380266,1.7916396614051189,ej3/perceptron_data/TP3-ej3-digitos.txt,35,"[35, 10, 10, 10, 10]",LOGISTIC,0.1,1,LOGISTIC,QUADRATIC_MULTILAYER,5,0.0001
0,410,0.16915499595021743,1.8024914528570932,ej3/perceptron_data/TP3-ej3-digitos.txt,35,"[35, 10, 10, 10, 10]",LOGISTIC,0.1,1,LOGISTIC,QUADRATIC_MULTILAYER,5,0.0001
0,411,0.1678793149852671,1.801167519993907,ej3/perceptron_data/TP3-ej3-digitos.txt,35,"[35, 10, 10, 10, 10]",LOGISTIC,0.1,1,LOGISTIC,QUADRATIC_MULTILAYER,5,0.0001
0,412,0.16688916271909468,1.7871550983944808,ej3/perceptron_data/TP3-ej3-digitos.txt,35,"[35, 10, 10, 10, 10]",LOGISTIC,0.1,1,LOGISTIC,QUADRATIC_MULTILAYER,5,0.0001
0,413,0.16590056707265413,1.7921060236278132,ej3/perceptron_data/TP3-ej3-digitos.txt,35,"[35, 10, 10, 10, 10]",LOGISTIC,0.1,1,LOGISTIC,QUADRATIC_MULTILAYER,5,0.0001
0,414,0.16553973847375145,1.7977099950535544,ej3/perceptron_data/TP3-ej3-digitos.txt,35,"[35, 10, 10, 10, 10]",LOGISTIC,0.1,1,LOGISTIC,QUADRATIC_MULTILAYER,5,0.0001
0,415,0.16443356695786873,1.8001157296596635,ej3/perceptron_data/TP3-ej3-digitos.txt,35,"[35, 10, 10, 10, 10]",LOGISTIC,0.1,1,LOGISTIC,QUADRATIC_MULTILAYER,5,0.0001
0,416,0.1640336899208287,1.8096225211096086,ej3/perceptron_data/TP3-ej3-digitos.txt,35,"[35, 10, 10, 10, 10]",LOGISTIC,0.1,1,LOGISTIC,QUADRATIC_MULTILAYER,5,0.0001
0,417,0.16326968573398326,1.8049131018153297,ej3/perceptron_data/TP3-ej3-digitos.txt,35,"[35, 10, 10, 10, 10]",LOGISTIC,0.1,1,LOGISTIC,QUADRATIC_MULTILAYER,5,0.0001
0,418,0.16278270563553252,1.8103968074675716,ej3/perceptron_data/TP3-ej3-digitos.txt,35,"[35, 10, 10, 10, 10]",LOGISTIC,0.1,1,LOGISTIC,QUADRATIC_MULTILAYER,5,0.0001
0,419,0.16306425295933774,1.807140101563089,ej3/perceptron_data/TP3-ej3-digitos.txt,35,"[35, 10, 10, 10, 10]",LOGISTIC,0.1,1,LOGISTIC,QUADRATIC_MULTILAYER,5,0.0001
0,420,0.16341781503859637,1.811504604748028,ej3/perceptron_data/TP3-ej3-digitos.txt,35,"[35, 10, 10, 10, 10]",LOGISTIC,0.1,1,LOGISTIC,QUADRATIC_MULTILAYER,5,0.0001
0,421,0.1643151513463752,1.807247731953504,ej3/perceptron_data/TP3-ej3-digitos.txt,35,"[35, 10, 10, 10, 10]",LOGISTIC,0.1,1,LOGISTIC,QUADRATIC_MULTILAYER,5,0.0001
0,422,0.16132373484597998,1.8056875168529969,ej3/perceptron_data/TP3-ej3-digitos.txt,35,"[35, 10, 10, 10, 10]",LOGISTIC,0.1,1,LOGISTIC,QUADRATIC_MULTILAYER,5,0.0001
0,423,0.16201814165460812,1.8007281619157056,ej3/perceptron_data/TP3-ej3-digitos.txt,35,"[35, 10, 10, 10, 10]",LOGISTIC,0.1,1,LOGISTIC,QUADRATIC_MULTILAYER,5,0.0001
0,424,0.16005967385693629,1.800189443757061,ej3/perceptron_data/TP3-ej3-digitos.txt,35,"[35, 10, 10, 10, 10]",LOGISTIC,0.1,1,LOGISTIC,QUADRATIC_MULTILAYER,5,0.0001
0,425,0.15867311722158234,1.7868055544877066,ej3/perceptron_data/TP3-ej3-digitos.txt,35,"[35, 10, 10, 10, 10]",LOGISTIC,0.1,1,LOGISTIC,QUADRATIC_MULTILAYER,5,0.0001
0,426,0.15822156622559136,1.7812222434042149,ej3/perceptron_data/TP3-ej3-digitos.txt,35,"[35, 10, 10, 10, 10]",LOGISTIC,0.1,1,LOGISTIC,QUADRATIC_MULTILAYER,5,0.0001
0,427,0.1572805444899499,1.7860395199597248,ej3/perceptron_data/TP3-ej3-digitos.txt,35,"[35, 10, 10, 10, 10]",LOGISTIC,0.1,1,LOGISTIC,QUADRATIC_MULTILAYER,5,0.0001
0,428,0.1574313258574023,1.7955872625797482,ej3/perceptron_data/TP3-ej3-digitos.txt,35,"[35, 10, 10, 10, 10]",LOGISTIC,0.1,1,LOGISTIC,QUADRATIC_MULTILAYER,5,0.0001
0,429,0.1557220646981407,1.7942811577505218,ej3/perceptron_data/TP3-ej3-digitos.txt,35,"[35, 10, 10, 10, 10]",LOGISTIC,0.1,1,LOGISTIC,QUADRATIC_MULTILAYER,5,0.0001
0,430,0.15459736959638684,1.8026397141963895,ej3/perceptron_data/TP3-ej3-digitos.txt,35,"[35, 10, 10, 10, 10]",LOGISTIC,0.1,1,LOGISTIC,QUADRATIC_MULTILAYER,5,0.0001
0,431,0.15372835520635564,1.7991466114920134,ej3/perceptron_data/TP3-ej3-digitos.txt,35,"[35, 10, 10, 10, 10]",LOGISTIC,0.1,1,LOGISTIC,QUADRATIC_MULTILAYER,5,0.0001
0,432,0.15325365865877863,1.8068285526281946,ej3/perceptron_data/TP3-ej3-digitos.txt,35,"[35, 10, 10, 10, 10]",LOGISTIC,0.1,1,LOGISTIC,QUADRATIC_MULTILAYER,5,0.0001
0,433,0.15326202273362796,1.8122644718466268,ej3/perceptron_data/TP3-ej3-digitos.txt,35,"[35, 10, 10, 10, 10]",LOGISTIC,0.1,1,LOGISTIC,QUADRATIC_MULTILAYER,5,0.0001
0,434,0.1522889396978416,1.8044610508774337,ej3/perceptron_data/TP3-ej3-digitos.txt,35,"[35, 10, 10, 10, 10]",LOGISTIC,0.1,1,LOGISTIC,QUADRATIC_MULTILAYER,5,0.0001
0,435,0.15132143951391022,1.8059196402425273,ej3/perceptron_data/TP3-ej3-digitos.txt,35,"[35, 10, 10, 10, 10]",LOGISTIC,0.1,1,LOGISTIC,QUADRATIC_MULTILAYER,5,0.0001
0,436,0.15109965264801525,1.8158562909313678,ej3/perceptron_data/TP3-ej3-digitos.txt,35,"[35, 10, 10, 10, 10]",LOGISTIC,0.1,1,LOGISTIC,QUADRATIC_MULTILAYER,5,0.0001
0,437,0.14998766711190442,1.8038370507502794,ej3/perceptron_data/TP3-ej3-digitos.txt,35,"[35, 10, 10, 10, 10]",LOGISTIC,0.1,1,LOGISTIC,QUADRATIC_MULTILAYER,5,0.0001
0,438,0.1497436084964661,1.8144407436817218,ej3/perceptron_data/TP3-ej3-digitos.txt,35,"[35, 10, 10, 10, 10]",LOGISTIC,0.1,1,LOGISTIC,QUADRATIC_MULTILAYER,5,0.0001
0,439,0.1497360492255021,1.822445339826569,ej3/perceptron_data/TP3-ej3-digitos.txt,35,"[35, 10, 10, 10, 10]",LOGISTIC,0.1,1,LOGISTIC,QUADRATIC_MULTILAYER,5,0.0001
0,440,0.14890044947040998,1.8209300577726062,ej3/perceptron_data/TP3-ej3-digitos.txt,35,"[35, 10, 10, 10, 10]",LOGISTIC,0.1,1,LOGISTIC,QUADRATIC_MULTILAYER,5,0.0001
0,441,0.14865869203501864,1.8139672043729247,ej3/perceptron_data/TP3-ej3-digitos.txt,35,"[35, 10, 10, 10, 10]",LOGISTIC,0.1,1,LOGISTIC,QUADRATIC_MULTILAYER,5,0.0001
0,442,0.14869480350035608,1.8072798632943814,ej3/perceptron_data/TP3-ej3-digitos.txt,35,"[35, 10, 10, 10, 10]",LOGISTIC,0.1,1,LOGISTIC,QUADRATIC_MULTILAYER,5,0.0001
0,443,0.14842945650676745,1.8121209771032811,ej3/perceptron_data/TP3-ej3-digitos.txt,35,"[35, 10, 10, 10, 10]",LOGISTIC,0.1,1,LOGISTIC,QUADRATIC_MULTILAYER,5,0.0001
0,444,0.14697468346092107,1.8150316318156048,ej3/perceptron_data/TP3-ej3-digitos.txt,35,"[35, 10, 10, 10, 10]",LOGISTIC,0.1,1,LOGISTIC,QUADRATIC_MULTILAYER,5,0.0001
0,445,0.14580007766372335,1.8111934707212747,ej3/perceptron_data/TP3-ej3-digitos.txt,35,"[35, 10, 10, 10, 10]",LOGISTIC,0.1,1,LOGISTIC,QUADRATIC_MULTILAYER,5,0.0001
0,446,0.14487540207976057,1.8204819987716168,ej3/perceptron_data/TP3-ej3-digitos.txt,35,"[35, 10, 10, 10, 10]",LOGISTIC,0.1,1,LOGISTIC,QUADRATIC_MULTILAYER,5,0.0001
0,447,0.1444395757091373,1.8206896296125057,ej3/perceptron_data/TP3-ej3-digitos.txt,35,"[35, 10, 10, 10, 10]",LOGISTIC,0.1,1,LOGISTIC,QUADRATIC_MULTILAYER,5,0.0001
0,448,0.1436353457996302,1.8211158339535867,ej3/perceptron_data/TP3-ej3-digitos.txt,35,"[35, 10, 10, 10, 10]",LOGISTIC,0.1,1,LOGISTIC,QUADRATIC_MULTILAYER,5,0.0001
0,449,0.14318477238490612,1.8150348162442222,ej3/perceptron_data/TP3-ej3-digitos.txt,35,"[35, 10, 10, 10, 10]",LOGISTIC,0.1,1,LOGISTIC,QUADRATIC_MULTILAYER,5,0.0001
0,450,0.14234371749374464,1.812067682641449,ej3/perceptron_data/TP3-ej3-digitos.txt,35,"[35, 10, 10, 10, 10]",LOGISTIC,0.1,1,LOGISTIC,QUADRATIC_MULTILAYER,5,0.0001
0,451,0.1417793775801408,1.802282206748813,ej3/perceptron_data/TP3-ej3-digitos.txt,35,"[35, 10, 10, 10, 10]",LOGISTIC,0.1,1,LOGISTIC,QUADRATIC_MULTILAYER,5,0.0001
0,452,0.14094314028896954,1.801948756864373,ej3/perceptron_data/TP3-ej3-digitos.txt,35,"[35, 10, 10, 10, 10]",LOGISTIC,0.1,1,LOGISTIC,QUADRATIC_MULTILAYER,5,0.0001
0,453,0.14071456201923355,1.8046694107208283,ej3/perceptron_data/TP3-ej3-digitos.txt,35,"[35, 10, 10, 10, 10]",LOGISTIC,0.1,1,LOGISTIC,QUADRATIC_MULTILAYER,5,0.0001
0,454,0.14069579052071152,1.8037402286817914,ej3/perceptron_data/TP3-ej3-digitos.txt,35,"[35, 10, 10, 10, 10]",LOGISTIC,0.1,1,LOGISTIC,QUADRATIC_MULTILAYER,5,0.0001
0,455,0.14077596748149343,1.8069534733168573,ej3/perceptron_data/TP3-ej3-digitos.txt,35,"[35, 10, 10, 10, 10]",LOGISTIC,0.1,1,LOGISTIC,QUADRATIC_MULTILAYER,5,0.0001
0,456,0.14099361637946942,1.8052900315538338,ej3/perceptron_data/TP3-ej3-digitos.txt,35,"[35, 10, 10, 10, 10]",LOGISTIC,0.1,1,LOGISTIC,QUADRATIC_MULTILAYER,5,0.0001
0,457,0.14098203937593576,1.8145938726532675,ej3/perceptron_data/TP3-ej3-digitos.txt,35,"[35, 10, 10, 10, 10]",LOGISTIC,0.1,1,LOGISTIC,QUADRATIC_MULTILAYER,5,0.0001
0,458,0.14165277658471725,1.8119492542516769,ej3/perceptron_data/TP3-ej3-digitos.txt,35,"[35, 10, 10, 10, 10]",LOGISTIC,0.1,1,LOGISTIC,QUADRATIC_MULTILAYER,5,0.0001
0,459,0.14150513654255956,1.8155542728980807,ej3/perceptron_data/TP3-ej3-digitos.txt,35,"[35, 10, 10, 10, 10]",LOGISTIC,0.1,1,LOGISTIC,QUADRATIC_MULTILAYER,5,0.0001
0,460,0.13930808403785896,1.8109117654906535,ej3/perceptron_data/TP3-ej3-digitos.txt,35,"[35, 10, 10, 10, 10]",LOGISTIC,0.1,1,LOGISTIC,QUADRATIC_MULTILAYER,5,0.0001
0,461,0.13958249583925628,1.8177529449672474,ej3/perceptron_data/TP3-ej3-digitos.txt,35,"[35, 10, 10, 10, 10]",LOGISTIC,0.1,1,LOGISTIC,QUADRATIC_MULTILAYER,5,0.0001
0,462,0.13787838288910875,1.8062945416108551,ej3/perceptron_data/TP3-ej3-digitos.txt,35,"[35, 10, 10, 10, 10]",LOGISTIC,0.1,1,LOGISTIC,QUADRATIC_MULTILAYER,5,0.0001
0,463,0.13656987008021465,1.8041889442720767,ej3/perceptron_data/TP3-ej3-digitos.txt,35,"[35, 10, 10, 10, 10]",LOGISTIC,0.1,1,LOGISTIC,QUADRATIC_MULTILAYER,5,0.0001
0,464,0.13616433901805763,1.8160124184288822,ej3/perceptron_data/TP3-ej3-digitos.txt,35,"[35, 10, 10, 10, 10]",LOGISTIC,0.1,1,LOGISTIC,QUADRATIC_MULTILAYER,5,0.0001
0,465,0.13650844269709791,1.8149376690618533,ej3/perceptron_data/TP3-ej3-digitos.txt,35,"[35, 10, 10, 10, 10]",LOGISTIC,0.1,1,LOGISTIC,QUADRATIC_MULTILAYER,5,0.0001
0,466,0.13648595629457064,1.8170444580081742,ej3/perceptron_data/TP3-ej3-digitos.txt,35,"[35, 10, 10, 10, 10]",LOGISTIC,0.1,1,LOGISTIC,QUADRATIC_MULTILAYER,5,0.0001
0,467,0.13685073827187794,1.8212607461454635,ej3/perceptron_data/TP3-ej3-digitos.txt,35,"[35, 10, 10, 10, 10]",LOGISTIC,0.1,1,LOGISTIC,QUADRATIC_MULTILAYER,5,0.0001
0,468,0.1346318519188266,1.8204755856398664,ej3/perceptron_data/TP3-ej3-digitos.txt,35,"[35, 10, 10, 10, 10]",LOGISTIC,0.1,1,LOGISTIC,QUADRATIC_MULTILAYER,5,0.0001
0,469,0.1337160785504618,1.814290507512685,ej3/perceptron_data/TP3-ej3-digitos.txt,35,"[35, 10, 10, 10, 10]",LOGISTIC,0.1,1,LOGISTIC,QUADRATIC_MULTILAYER,5,0.0001
0,470,0.13270934625721814,1.812612550993854,ej3/perceptron_data/TP3-ej3-digitos.txt,35,"[35, 10, 10, 10, 10]",LOGISTIC,0.1,1,LOGISTIC,QUADRATIC_MULTILAYER,5,0.0001
0,471,0.1320841502089796,1.8112368338406972,ej3/perceptron_data/TP3-ej3-digitos.txt,35,"[35, 10, 10, 10, 10]",LOGISTIC,0.1,1,LOGISTIC,QUADRATIC_MULTILAYER,5,0.0001
0,472,0.1318857949428349,1.8127521178607229,ej3/perceptron_data/TP3-ej3-digitos.txt,35,"[35, 10, 10, 10, 10]",LOGISTIC,0.1,1,LOGISTIC,QUADRATIC_MULTILAYER,5,0.0001
0,473,0.13156692159975553,1.8223311211842872,ej3/perceptron_data/TP3-ej3-digitos.txt,35,"[35, 10, 10, 10, 10]",LOGISTIC,0.1,1,LOGISTIC,QUADRATIC_MULTILAYER,5,0.0001
0,474,0.13080386470658317,1.8224170439452017,ej3/perceptron_data/TP3-ej3-digitos.txt,35,"[35, 10, 10, 10, 10]",LOGISTIC,0.1,1,LOGISTIC,QUADRATIC_MULTILAYER,5,0.0001
0,475,0.130465256407897,1.8238646451441256,ej3/perceptron_data/TP3-ej3-digitos.txt,35,"[35, 10, 10, 10, 10]",LOGISTIC,0.1,1,LOGISTIC,QUADRATIC_MULTILAYER,5,0.0001
0,476,0.12962725801846695,1.8205339698570095,ej3/perceptron_data/TP3-ej3-digitos.txt,35,"[35, 10, 10, 10, 10]",LOGISTIC,0.1,1,LOGISTIC,QUADRATIC_MULTILAYER,5,0.0001
0,477,0.1291931042850615,1.8258881982854605,ej3/perceptron_data/TP3-ej3-digitos.txt,35,"[35, 10, 10, 10, 10]",LOGISTIC,0.1,1,LOGISTIC,QUADRATIC_MULTILAYER,5,0.0001
0,478,0.12916292544772495,1.8296428773609121,ej3/perceptron_data/TP3-ej3-digitos.txt,35,"[35, 10, 10, 10, 10]",LOGISTIC,0.1,1,LOGISTIC,QUADRATIC_MULTILAYER,5,0.0001
0,479,0.12837482192819744,1.8229846017039073,ej3/perceptron_data/TP3-ej3-digitos.txt,35,"[35, 10, 10, 10, 10]",LOGISTIC,0.1,1,LOGISTIC,QUADRATIC_MULTILAYER,5,0.0001
0,480,0.1276916314823576,1.8226136789054515,ej3/perceptron_data/TP3-ej3-digitos.txt,35,"[35, 10, 10, 10, 10]",LOGISTIC,0.1,1,LOGISTIC,QUADRATIC_MULTILAYER,5,0.0001
0,481,0.1271584454130037,1.8268206329118863,ej3/perceptron_data/TP3-ej3-digitos.txt,35,"[35, 10, 10, 10, 10]",LOGISTIC,0.1,1,LOGISTIC,QUADRATIC_MULTILAYER,5,0.0001
0,482,0.12701178032100144,1.826730235570926,ej3/perceptron_data/TP3-ej3-digitos.txt,35,"[35, 10, 10, 10, 10]",LOGISTIC,0.1,1,LOGISTIC,QUADRATIC_MULTILAYER,5,0.0001
0,483,0.1262344519706285,1.8224745239724705,ej3/perceptron_data/TP3-ej3-digitos.txt,35,"[35, 10, 10, 10, 10]",LOGISTIC,0.1,1,LOGISTIC,QUADRATIC_MULTILAYER,5,0.0001
0,484,0.12566060791747968,1.8288611252956857,ej3/perceptron_data/TP3-ej3-digitos.txt,35,"[35, 10, 10, 10, 10]",LOGISTIC,0.1,1,LOGISTIC,QUADRATIC_MULTILAYER,5,0.0001
0,485,0.1251584630599517,1.8235538709030454,ej3/perceptron_data/TP3-ej3-digitos.txt,35,"[35, 10, 10, 10, 10]",LOGISTIC,0.1,1,LOGISTIC,QUADRATIC_MULTILAYER,5,0.0001
0,486,0.12477049464497973,1.8147459141574458,ej3/perceptron_data/TP3-ej3-digitos.txt,35,"[35, 10, 10, 10, 10]",LOGISTIC,0.1,1,LOGISTIC,QUADRATIC_MULTILAYER,5,0.0001
0,487,0.12434396624425187,1.8214177352256098,ej3/perceptron_data/TP3-ej3-digitos.txt,35,"[35, 10, 10, 10, 10]",LOGISTIC,0.1,1,LOGISTIC,QUADRATIC_MULTILAYER,5,0.0001
0,488,0.12422007996681203,1.8254180926117536,ej3/perceptron_data/TP3-ej3-digitos.txt,35,"[35, 10, 10, 10, 10]",LOGISTIC,0.1,1,LOGISTIC,QUADRATIC_MULTILAYER,5,0.0001
0,489,0.12372683108338052,1.8271728045894307,ej3/perceptron_data/TP3-ej3-digitos.txt,35,"[35, 10, 10, 10, 10]",LOGISTIC,0.1,1,LOGISTIC,QUADRATIC_MULTILAYER,5,0.0001
0,490,0.12384926833451501,1.8275888657388457,ej3/perceptron_data/TP3-ej3-digitos.txt,35,"[35, 10, 10, 10, 10]",LOGISTIC,0.1,1,LOGISTIC,QUADRATIC_MULTILAYER,5,0.0001
0,491,0.12289680163529229,1.8241470543768297,ej3/perceptron_data/TP3-ej3-digitos.txt,35,"[35, 10, 10, 10, 10]",LOGISTIC,0.1,1,LOGISTIC,QUADRATIC_MULTILAYER,5,0.0001
0,492,0.12260331471885613,1.831987437751095,ej3/perceptron_data/TP3-ej3-digitos.txt,35,"[35, 10, 10, 10, 10]",LOGISTIC,0.1,1,LOGISTIC,QUADRATIC_MULTILAYER,5,0.0001
0,493,0.12243254534111866,1.8365389502529343,ej3/perceptron_data/TP3-ej3-digitos.txt,35,"[35, 10, 10, 10, 10]",LOGISTIC,0.1,1,LOGISTIC,QUADRATIC_MULTILAYER,5,0.0001
0,494,0.12176139352793959,1.830226391427142,ej3/perceptron_data/TP3-ej3-digitos.txt,35,"[35, 10, 10, 10, 10]",LOGISTIC,0.1,1,LOGISTIC,QUADRATIC_MULTILAYER,5,0.0001
0,495,0.12115982187683626,1.8349980969013682,ej3/perceptron_data/TP3-ej3-digitos.txt,35,"[35, 10, 10, 10, 10]",LOGISTIC,0.1,1,LOGISTIC,QUADRATIC_MULTILAYER,5,0.0001
0,496,0.1208439064073146,1.8332860526819605,ej3/perceptron_data/TP3-ej3-digitos.txt,35,"[35, 10, 10, 10, 10]",LOGISTIC,0.1,1,LOGISTIC,QUADRATIC_MULTILAYER,5,0.0001
0,497,0.12034372953456121,1.8367427340133546,ej3/perceptron_data/TP3-ej3-digitos.txt,35,"[35, 10, 10, 10, 10]",LOGISTIC,0.1,1,LOGISTIC,QUADRATIC_MULTILAYER,5,0.0001
0,498,0.12026051532376038,1.8427224465178473,ej3/perceptron_data/TP3-ej3-digitos.txt,35,"[35, 10, 10, 10, 10]",LOGISTIC,0.1,1,LOGISTIC,QUADRATIC_MULTILAYER,5,0.0001
0,499,0.12032987864430071,1.8477693249472729,ej3/perceptron_data/TP3-ej3-digitos.txt,35,"[35, 10, 10, 10, 10]",LOGISTIC,0.1,1,LOGISTIC,QUADRATIC_MULTILAYER,5,0.0001
0,500,0.11956347251621019,1.8426111512958292,ej3/perceptron_data/TP3-ej3-digitos.txt,35,"[35, 10, 10, 10, 10]",LOGISTIC,0.1,1,LOGISTIC,QUADRATIC_MULTILAYER,5,0.0001
0,501,0.11899843674655464,1.846041840372448,ej3/perceptron_data/TP3-ej3-digitos.txt,35,"[35, 10, 10, 10, 10]",LOGISTIC,0.1,1,LOGISTIC,QUADRATIC_MULTILAYER,5,0.0001
0,502,0.11881762511730759,1.8482331578193634,ej3/perceptron_data/TP3-ej3-digitos.txt,35,"[35, 10, 10, 10, 10]",LOGISTIC,0.1,1,LOGISTIC,QUADRATIC_MULTILAYER,5,0.0001
0,503,0.11879675055697216,1.852454233336069,ej3/perceptron_data/TP3-ej3-digitos.txt,35,"[35, 10, 10, 10, 10]",LOGISTIC,0.1,1,LOGISTIC,QUADRATIC_MULTILAYER,5,0.0001
0,504,0.11806462452102859,1.8512055188067833,ej3/perceptron_data/TP3-ej3-digitos.txt,35,"[35, 10, 10, 10, 10]",LOGISTIC,0.1,1,LOGISTIC,QUADRATIC_MULTILAYER,5,0.0001
0,505,0.1173222299027417,1.8498565330825834,ej3/perceptron_data/TP3-ej3-digitos.txt,35,"[35, 10, 10, 10, 10]",LOGISTIC,0.1,1,LOGISTIC,QUADRATIC_MULTILAYER,5,0.0001
0,506,0.11705440478149753,1.8486574845502926,ej3/perceptron_data/TP3-ej3-digitos.txt,35,"[35, 10, 10, 10, 10]",LOGISTIC,0.1,1,LOGISTIC,QUADRATIC_MULTILAYER,5,0.0001
0,507,0.11642085973578932,1.844195616061745,ej3/perceptron_data/TP3-ej3-digitos.txt,35,"[35, 10, 10, 10, 10]",LOGISTIC,0.1,1,LOGISTIC,QUADRATIC_MULTILAYER,5,0.0001
0,508,0.11598649819525629,1.8435237084349423,ej3/perceptron_data/TP3-ej3-digitos.txt,35,"[35, 10, 10, 10, 10]",LOGISTIC,0.1,1,LOGISTIC,QUADRATIC_MULTILAYER,5,0.0001
0,509,0.11573023967733091,1.8468876509602365,ej3/perceptron_data/TP3-ej3-digitos.txt,35,"[35, 10, 10, 10, 10]",LOGISTIC,0.1,1,LOGISTIC,QUADRATIC_MULTILAYER,5,0.0001
0,510,0.11514594908231614,1.8448166425745178,ej3/perceptron_data/TP3-ej3-digitos.txt,35,"[35, 10, 10, 10, 10]",LOGISTIC,0.1,1,LOGISTIC,QUADRATIC_MULTILAYER,5,0.0001
0,511,0.11471070194180455,1.841190343123286,ej3/perceptron_data/TP3-ej3-digitos.txt,35,"[35, 10, 10, 10, 10]",LOGISTIC,0.1,1,LOGISTIC,QUADRATIC_MULTILAYER,5,0.0001
0,512,0.11437091877023092,1.8332758969027632,ej3/perceptron_data/TP3-ej3-digitos.txt,35,"[35, 10, 10, 10, 10]",LOGISTIC,0.1,1,LOGISTIC,QUADRATIC_MULTILAYER,5,0.0001
0,513,0.11427069163866302,1.8287589231695605,ej3/perceptron_data/TP3-ej3-digitos.txt,35,"[35, 10, 10, 10, 10]",LOGISTIC,0.1,1,LOGISTIC,QUADRATIC_MULTILAYER,5,0.0001
0,514,0.11371367505579426,1.8270408295420923,ej3/perceptron_data/TP3-ej3-digitos.txt,35,"[35, 10, 10, 10, 10]",LOGISTIC,0.1,1,LOGISTIC,QUADRATIC_MULTILAYER,5,0.0001
0,515,0.11343596530446372,1.822181409292223,ej3/perceptron_data/TP3-ej3-digitos.txt,35,"[35, 10, 10, 10, 10]",LOGISTIC,0.1,1,LOGISTIC,QUADRATIC_MULTILAYER,5,0.0001
0,516,0.11308227026237258,1.829018038428557,ej3/perceptron_data/TP3-ej3-digitos.txt,35,"[35, 10, 10, 10, 10]",LOGISTIC,0.1,1,LOGISTIC,QUADRATIC_MULTILAYER,5,0.0001
0,517,0.11277089818675448,1.8216681658332021,ej3/perceptron_data/TP3-ej3-digitos.txt,35,"[35, 10, 10, 10, 10]",LOGISTIC,0.1,1,LOGISTIC,QUADRATIC_MULTILAYER,5,0.0001
0,518,0.11237856772451267,1.8191844173068845,ej3/perceptron_data/TP3-ej3-digitos.txt,35,"[35, 10, 10, 10, 10]",LOGISTIC,0.1,1,LOGISTIC,QUADRATIC_MULTILAYER,5,0.0001
0,519,0.1121164312183888,1.8164034290076994,ej3/perceptron_data/TP3-ej3-digitos.txt,35,"[35, 10, 10, 10, 10]",LOGISTIC,0.1,1,LOGISTIC,QUADRATIC_MULTILAYER,5,0.0001
0,520,0.11181217866256869,1.819935950679697,ej3/perceptron_data/TP3-ej3-digitos.txt,35,"[35, 10, 10, 10, 10]",LOGISTIC,0.1,1,LOGISTIC,QUADRATIC_MULTILAYER,5,0.0001
0,521,0.11197963606932425,1.8151973393969152,ej3/perceptron_data/TP3-ej3-digitos.txt,35,"[35, 10, 10, 10, 10]",LOGISTIC,0.1,1,LOGISTIC,QUADRATIC_MULTILAYER,5,0.0001
0,522,0.11169103786228082,1.8239420842691147,ej3/perceptron_data/TP3-ej3-digitos.txt,35,"[35, 10, 10, 10, 10]",LOGISTIC,0.1,1,LOGISTIC,QUADRATIC_MULTILAYER,5,0.0001
0,523,0.11185742520582287,1.8265419981769706,ej3/perceptron_data/TP3-ej3-digitos.txt,35,"[35, 10, 10, 10, 10]",LOGISTIC,0.1,1,LOGISTIC,QUADRATIC_MULTILAYER,5,0.0001
0,524,0.11087116615925197,1.8241121861794576,ej3/perceptron_data/TP3-ej3-digitos.txt,35,"[35, 10, 10, 10, 10]",LOGISTIC,0.1,1,LOGISTIC,QUADRATIC_MULTILAYER,5,0.0001
0,525,0.11100201707486687,1.8266573284773326,ej3/perceptron_data/TP3-ej3-digitos.txt,35,"[35, 10, 10, 10, 10]",LOGISTIC,0.1,1,LOGISTIC,QUADRATIC_MULTILAYER,5,0.0001
0,526,0.11017353428007153,1.8273706134573704,ej3/perceptron_data/TP3-ej3-digitos.txt,35,"[35, 10, 10, 10, 10]",LOGISTIC,0.1,1,LOGISTIC,QUADRATIC_MULTILAYER,5,0.0001
0,527,0.10961670487226717,1.8243077670377483,ej3/perceptron_data/TP3-ej3-digitos.txt,35,"[35, 10, 10, 10, 10]",LOGISTIC,0.1,1,LOGISTIC,QUADRATIC_MULTILAYER,5,0.0001
0,528,0.10923063315758108,1.8340959354785222,ej3/perceptron_data/TP3-ej3-digitos.txt,35,"[35, 10, 10, 10, 10]",LOGISTIC,0.1,1,LOGISTIC,QUADRATIC_MULTILAYER,5,0.0001
0,529,0.10882992409458121,1.8306099350031746,ej3/perceptron_data/TP3-ej3-digitos.txt,35,"[35, 10, 10, 10, 10]",LOGISTIC,0.1,1,LOGISTIC,QUADRATIC_MULTILAYER,5,0.0001
0,530,0.10858994512320806,1.8259487474618594,ej3/perceptron_data/TP3-ej3-digitos.txt,35,"[35, 10, 10, 10, 10]",LOGISTIC,0.1,1,LOGISTIC,QUADRATIC_MULTILAYER,5,0.0001
0,531,0.10824646472651618,1.8236423262698167,ej3/perceptron_data/TP3-ej3-digitos.txt,35,"[35, 10, 10, 10, 10]",LOGISTIC,0.1,1,LOGISTIC,QUADRATIC_MULTILAYER,5,0.0001
0,532,0.10789144118782759,1.830824919065743,ej3/perceptron_data/TP3-ej3-digitos.txt,35,"[35, 10, 10, 10, 10]",LOGISTIC,0.1,1,LOGISTIC,QUADRATIC_MULTILAYER,5,0.0001
0,533,0.1081373294961465,1.8292875968810363,ej3/perceptron_data/TP3-ej3-digitos.txt,35,"[35, 10, 10, 10, 10]",LOGISTIC,0.1,1,LOGISTIC,QUADRATIC_MULTILAYER,5,0.0001
0,534,0.10773558704111415,1.8260702888143232,ej3/perceptron_data/TP3-ej3-digitos.txt,35,"[35, 10, 10, 10, 10]",LOGISTIC,0.1,1,LOGISTIC,QUADRATIC_MULTILAYER,5,0.0001
0,535,0.10735976468022174,1.8348143059344937,ej3/perceptron_data/TP3-ej3-digitos.txt,35,"[35, 10, 10, 10, 10]",LOGISTIC,0.1,1,LOGISTIC,QUADRATIC_MULTILAYER,5,0.0001
0,536,0.1070852369941426,1.8290633603728519,ej3/perceptron_data/TP3-ej3-digitos.txt,35,"[35, 10, 10, 10, 10]",LOGISTIC,0.1,1,LOGISTIC,QUADRATIC_MULTILAYER,5,0.0001
0,537,0.10632019535552732,1.8328297163751275,ej3/perceptron_data/TP3-ej3-digitos.txt,35,"[35, 10, 10, 10, 10]",LOGISTIC,0.1,1,LOGISTIC,QUADRATIC_MULTILAYER,5,0.0001
0,538,0.10556501005748234,1.8345056693325081,ej3/perceptron_data/TP3-ej3-digitos.txt,35,"[35, 10, 10, 10, 10]",LOGISTIC,0.1,1,LOGISTIC,QUADRATIC_MULTILAYER,5,0.0001
0,539,0.10541358499861503,1.8306433301576828,ej3/perceptron_data/TP3-ej3-digitos.txt,35,"[35, 10, 10, 10, 10]",LOGISTIC,0.1,1,LOGISTIC,QUADRATIC_MULTILAYER,5,0.0001
0,540,0.10497392207439576,1.8338066073990045,ej3/perceptron_data/TP3-ej3-digitos.txt,35,"[35, 10, 10, 10, 10]",LOGISTIC,0.1,1,LOGISTIC,QUADRATIC_MULTILAYER,5,0.0001
0,541,0.10447331726342053,1.83360926188028,ej3/perceptron_data/TP3-ej3-digitos.txt,35,"[35, 10, 10, 10, 10]",LOGISTIC,0.1,1,LOGISTIC,QUADRATIC_MULTILAYER,5,0.0001
0,542,0.10428732767131607,1.836050987048092,ej3/perceptron_data/TP3-ej3-digitos.txt,35,"[35, 10, 10, 10, 10]",LOGISTIC,0.1,1,LOGISTIC,QUADRATIC_MULTILAYER,5,0.0001
0,543,0.10407024767642122,1.843860101840801,ej3/perceptron_data/TP3-ej3-digitos.txt,35,"[35, 10, 10, 10, 10]",LOGISTIC,0.1,1,LOGISTIC,QUADRATIC_MULTILAYER,5,0.0001
0,544,0.10405707372755255,1.8476216306931563,ej3/perceptron_data/TP3-ej3-digitos.txt,35,"[35, 10, 10, 10, 10]",LOGISTIC,0.1,1,LOGISTIC,QUADRATIC_MULTILAYER,5,0.0001
0,545,0.10405330536423771,1.842537304427187,ej3/perceptron_data/TP3-ej3-digitos.txt,35,"[35, 10, 10, 10, 10]",LOGISTIC,0.1,1,LOGISTIC,QUADRATIC_MULTILAYER,5,0.0001
0,546,0.10332059807638823,1.847644073226673,ej3/perceptron_data/TP3-ej3-digitos.txt,35,"[35, 10, 10, 10, 10]",LOGISTIC,0.1,1,LOGISTIC,QUADRATIC_MULTILAYER,5,0.0001
0,547,0.10290395463858044,1.8465546367821752,ej3/perceptron_data/TP3-ej3-digitos.txt,35,"[35, 10, 10, 10, 10]",LOGISTIC,0.1,1,LOGISTIC,QUADRATIC_MULTILAYER,5,0.0001
0,548,0.10272197257374403,1.8452149033478762,ej3/perceptron_data/TP3-ej3-digitos.txt,35,"[35, 10, 10, 10, 10]",LOGISTIC,0.1,1,LOGISTIC,QUADRATIC_MULTILAYER,5,0.0001
0,549,0.10245052719323537,1.849028854527113,ej3/perceptron_data/TP3-ej3-digitos.txt,35,"[35, 10, 10, 10, 10]",LOGISTIC,0.1,1,LOGISTIC,QUADRATIC_MULTILAYER,5,0.0001
0,550,0.10233991280007178,1.8549084893869412,ej3/perceptron_data/TP3-ej3-digitos.txt,35,"[35, 10, 10, 10, 10]",LOGISTIC,0.1,1,LOGISTIC,QUADRATIC_MULTILAYER,5,0.0001
0,551,0.10188967374236667,1.849092365013222,ej3/perceptron_data/TP3-ej3-digitos.txt,35,"[35, 10, 10, 10, 10]",LOGISTIC,0.1,1,LOGISTIC,QUADRATIC_MULTILAYER,5,0.0001
0,552,0.10176055679978452,1.8451995315646497,ej3/perceptron_data/TP3-ej3-digitos.txt,35,"[35, 10, 10, 10, 10]",LOGISTIC,0.1,1,LOGISTIC,QUADRATIC_MULTILAYER,5,0.0001
0,553,0.10158017519497684,1.8408778296250974,ej3/perceptron_data/TP3-ej3-digitos.txt,35,"[35, 10, 10, 10, 10]",LOGISTIC,0.1,1,LOGISTIC,QUADRATIC_MULTILAYER,5,0.0001
0,554,0.10105773919744712,1.842558653359861,ej3/perceptron_data/TP3-ej3-digitos.txt,35,"[35, 10, 10, 10, 10]",LOGISTIC,0.1,1,LOGISTIC,QUADRATIC_MULTILAYER,5,0.0001
0,555,0.10095157514315051,1.8473121160916217,ej3/perceptron_data/TP3-ej3-digitos.txt,35,"[35, 10, 10, 10, 10]",LOGISTIC,0.1,1,LOGISTIC,QUADRATIC_MULTILAYER,5,0.0001
0,556,0.10053017964032694,1.848856415106049,ej3/perceptron_data/TP3-ej3-digitos.txt,35,"[35, 10, 10, 10, 10]",LOGISTIC,0.1,1,LOGISTIC,QUADRATIC_MULTILAYER,5,0.0001
0,557,0.10041775438923851,1.8548713205680187,ej3/perceptron_data/TP3-ej3-digitos.txt,35,"[35, 10, 10, 10, 10]",LOGISTIC,0.1,1,LOGISTIC,QUADRATIC_MULTILAYER,5,0.0001
0,558,0.1000539211161464,1.855277749920368,ej3/perceptron_data/TP3-ej3-digitos.txt,35,"[35, 10, 10, 10, 10]",LOGISTIC,0.1,1,LOGISTIC,QUADRATIC_MULTILAYER,5,0.0001
0,559,0.09947610335643435,1.8500691976190198,ej3/perceptron_data/TP3-ej3-digitos.txt,35,"[35, 10, 10, 10, 10]",LOGISTIC,0.1,1,LOGISTIC,QUADRATIC_MULTILAYER,5,0.0001
