repeticion,epoca,error_training,error_test,entrada,salida,capas_ocultas,activacion,eta,beta,activation,error_function,batch,noise_stddev,adaptive_eta
1,0,1.2915135824727233,0.0,ej3/data/TP3_ej1_XOR.csv,2,"[2, 10, 10, 10, 2]",LOGISTIC,0.1,1,LOGISTIC,QUADRATIC_MULTILAYER,5,0.0001,False
1,1,1.1469642753653437,0.0,ej3/data/TP3_ej1_XOR.csv,2,"[2, 10, 10, 10, 2]",LOGISTIC,0.1,1,LOGISTIC,QUADRATIC_MULTILAYER,5,0.0001,False
1,2,1.052196146225128,0.0,ej3/data/TP3_ej1_XOR.csv,2,"[2, 10, 10, 10, 2]",LOGISTIC,0.1,1,LOGISTIC,QUADRATIC_MULTILAYER,5,0.0001,False
1,3,1.0265184757099146,0.0,ej3/data/TP3_ej1_XOR.csv,2,"[2, 10, 10, 10, 2]",LOGISTIC,0.1,1,LOGISTIC,QUADRATIC_MULTILAYER,5,0.0001,False
1,4,1.020634678737978,0.0,ej3/data/TP3_ej1_XOR.csv,2,"[2, 10, 10, 10, 2]",LOGISTIC,0.1,1,LOGISTIC,QUADRATIC_MULTILAYER,5,0.0001,False
1,5,1.0165619840767293,0.0,ej3/data/TP3_ej1_XOR.csv,2,"[2, 10, 10, 10, 2]",LOGISTIC,0.1,1,LOGISTIC,QUADRATIC_MULTILAYER,5,0.0001,False
1,6,1.0127465329613452,0.0,ej3/data/TP3_ej1_XOR.csv,2,"[2, 10, 10, 10, 2]",LOGISTIC,0.1,1,LOGISTIC,QUADRATIC_MULTILAYER,5,0.0001,False
1,7,1.0090138848276484,0.0,ej3/data/TP3_ej1_XOR.csv,2,"[2, 10, 10, 10, 2]",LOGISTIC,0.1,1,LOGISTIC,QUADRATIC_MULTILAYER,5,0.0001,False
1,8,1.005340142050933,0.0,ej3/data/TP3_ej1_XOR.csv,2,"[2, 10, 10, 10, 2]",LOGISTIC,0.1,1,LOGISTIC,QUADRATIC_MULTILAYER,5,0.0001,False
1,9,1.001721093819163,0.0,ej3/data/TP3_ej1_XOR.csv,2,"[2, 10, 10, 10, 2]",LOGISTIC,0.1,1,LOGISTIC,QUADRATIC_MULTILAYER,5,0.0001,False
1,10,0.9981549968931546,0.0,ej3/data/TP3_ej1_XOR.csv,2,"[2, 10, 10, 10, 2]",LOGISTIC,0.1,1,LOGISTIC,QUADRATIC_MULTILAYER,5,0.0001,False
1,11,0.9946401384349137,0.0,ej3/data/TP3_ej1_XOR.csv,2,"[2, 10, 10, 10, 2]",LOGISTIC,0.1,1,LOGISTIC,QUADRATIC_MULTILAYER,5,0.0001,False
1,12,0.9911743493644275,0.0,ej3/data/TP3_ej1_XOR.csv,2,"[2, 10, 10, 10, 2]",LOGISTIC,0.1,1,LOGISTIC,QUADRATIC_MULTILAYER,5,0.0001,False
1,13,0.9877548262401743,0.0,ej3/data/TP3_ej1_XOR.csv,2,"[2, 10, 10, 10, 2]",LOGISTIC,0.1,1,LOGISTIC,QUADRATIC_MULTILAYER,5,0.0001,False
1,14,0.984378057234244,0.0,ej3/data/TP3_ej1_XOR.csv,2,"[2, 10, 10, 10, 2]",LOGISTIC,0.1,1,LOGISTIC,QUADRATIC_MULTILAYER,5,0.0001,False
1,15,0.9810398193950168,0.0,ej3/data/TP3_ej1_XOR.csv,2,"[2, 10, 10, 10, 2]",LOGISTIC,0.1,1,LOGISTIC,QUADRATIC_MULTILAYER,5,0.0001,False
1,16,0.977735230330848,0.0,ej3/data/TP3_ej1_XOR.csv,2,"[2, 10, 10, 10, 2]",LOGISTIC,0.1,1,LOGISTIC,QUADRATIC_MULTILAYER,5,0.0001,False
1,17,0.9744588376680517,0.0,ej3/data/TP3_ej1_XOR.csv,2,"[2, 10, 10, 10, 2]",LOGISTIC,0.1,1,LOGISTIC,QUADRATIC_MULTILAYER,5,0.0001,False
1,18,0.9712047303458733,0.0,ej3/data/TP3_ej1_XOR.csv,2,"[2, 10, 10, 10, 2]",LOGISTIC,0.1,1,LOGISTIC,QUADRATIC_MULTILAYER,5,0.0001,False
1,19,0.9679666580079831,0.0,ej3/data/TP3_ej1_XOR.csv,2,"[2, 10, 10, 10, 2]",LOGISTIC,0.1,1,LOGISTIC,QUADRATIC_MULTILAYER,5,0.0001,False
1,20,0.9647381477490249,0.0,ej3/data/TP3_ej1_XOR.csv,2,"[2, 10, 10, 10, 2]",LOGISTIC,0.1,1,LOGISTIC,QUADRATIC_MULTILAYER,5,0.0001,False
1,21,0.9615126105992104,0.0,ej3/data/TP3_ej1_XOR.csv,2,"[2, 10, 10, 10, 2]",LOGISTIC,0.1,1,LOGISTIC,QUADRATIC_MULTILAYER,5,0.0001,False
1,22,0.9582834329292285,0.0,ej3/data/TP3_ej1_XOR.csv,2,"[2, 10, 10, 10, 2]",LOGISTIC,0.1,1,LOGISTIC,QUADRATIC_MULTILAYER,5,0.0001,False
1,23,0.9550440502048421,0.0,ej3/data/TP3_ej1_XOR.csv,2,"[2, 10, 10, 10, 2]",LOGISTIC,0.1,1,LOGISTIC,QUADRATIC_MULTILAYER,5,0.0001,False
1,24,0.9517880021590658,0.0,ej3/data/TP3_ej1_XOR.csv,2,"[2, 10, 10, 10, 2]",LOGISTIC,0.1,1,LOGISTIC,QUADRATIC_MULTILAYER,5,0.0001,False
1,25,0.9485089695310556,0.0,ej3/data/TP3_ej1_XOR.csv,2,"[2, 10, 10, 10, 2]",LOGISTIC,0.1,1,LOGISTIC,QUADRATIC_MULTILAYER,5,0.0001,False
1,26,0.945200793149618,0.0,ej3/data/TP3_ej1_XOR.csv,2,"[2, 10, 10, 10, 2]",LOGISTIC,0.1,1,LOGISTIC,QUADRATIC_MULTILAYER,5,0.0001,False
1,27,0.9418574764348546,0.0,ej3/data/TP3_ej1_XOR.csv,2,"[2, 10, 10, 10, 2]",LOGISTIC,0.1,1,LOGISTIC,QUADRATIC_MULTILAYER,5,0.0001,False
1,28,0.9384731724638755,0.0,ej3/data/TP3_ej1_XOR.csv,2,"[2, 10, 10, 10, 2]",LOGISTIC,0.1,1,LOGISTIC,QUADRATIC_MULTILAYER,5,0.0001,False
1,29,0.9350421566847292,0.0,ej3/data/TP3_ej1_XOR.csv,2,"[2, 10, 10, 10, 2]",LOGISTIC,0.1,1,LOGISTIC,QUADRATIC_MULTILAYER,5,0.0001,False
1,30,0.9315587862313695,0.0,ej3/data/TP3_ej1_XOR.csv,2,"[2, 10, 10, 10, 2]",LOGISTIC,0.1,1,LOGISTIC,QUADRATIC_MULTILAYER,5,0.0001,False
1,31,0.9280174466334038,0.0,ej3/data/TP3_ej1_XOR.csv,2,"[2, 10, 10, 10, 2]",LOGISTIC,0.1,1,LOGISTIC,QUADRATIC_MULTILAYER,5,0.0001,False
1,32,0.924412486550402,0.0,ej3/data/TP3_ej1_XOR.csv,2,"[2, 10, 10, 10, 2]",LOGISTIC,0.1,1,LOGISTIC,QUADRATIC_MULTILAYER,5,0.0001,False
1,33,0.9207381410009974,0.0,ej3/data/TP3_ej1_XOR.csv,2,"[2, 10, 10, 10, 2]",LOGISTIC,0.1,1,LOGISTIC,QUADRATIC_MULTILAYER,5,0.0001,False
1,34,0.9169884434025227,0.0,ej3/data/TP3_ej1_XOR.csv,2,"[2, 10, 10, 10, 2]",LOGISTIC,0.1,1,LOGISTIC,QUADRATIC_MULTILAYER,5,0.0001,False
1,35,0.9131571265852809,0.0,ej3/data/TP3_ej1_XOR.csv,2,"[2, 10, 10, 10, 2]",LOGISTIC,0.1,1,LOGISTIC,QUADRATIC_MULTILAYER,5,0.0001,False
1,36,0.9092375127963309,0.0,ej3/data/TP3_ej1_XOR.csv,2,"[2, 10, 10, 10, 2]",LOGISTIC,0.1,1,LOGISTIC,QUADRATIC_MULTILAYER,5,0.0001,False
1,37,0.9052223925674816,0.0,ej3/data/TP3_ej1_XOR.csv,2,"[2, 10, 10, 10, 2]",LOGISTIC,0.1,1,LOGISTIC,QUADRATIC_MULTILAYER,5,0.0001,False
1,38,0.9011038922096813,0.0,ej3/data/TP3_ej1_XOR.csv,2,"[2, 10, 10, 10, 2]",LOGISTIC,0.1,1,LOGISTIC,QUADRATIC_MULTILAYER,5,0.0001,False
1,39,0.896873329647169,0.0,ej3/data/TP3_ej1_XOR.csv,2,"[2, 10, 10, 10, 2]",LOGISTIC,0.1,1,LOGISTIC,QUADRATIC_MULTILAYER,5,0.0001,False
1,40,0.8925210583795169,0.0,ej3/data/TP3_ej1_XOR.csv,2,"[2, 10, 10, 10, 2]",LOGISTIC,0.1,1,LOGISTIC,QUADRATIC_MULTILAYER,5,0.0001,False
1,41,0.8880362996493194,0.0,ej3/data/TP3_ej1_XOR.csv,2,"[2, 10, 10, 10, 2]",LOGISTIC,0.1,1,LOGISTIC,QUADRATIC_MULTILAYER,5,0.0001,False
1,42,0.8834069635305012,0.0,ej3/data/TP3_ej1_XOR.csv,2,"[2, 10, 10, 10, 2]",LOGISTIC,0.1,1,LOGISTIC,QUADRATIC_MULTILAYER,5,0.0001,False
1,43,0.878619460823295,0.0,ej3/data/TP3_ej1_XOR.csv,2,"[2, 10, 10, 10, 2]",LOGISTIC,0.1,1,LOGISTIC,QUADRATIC_MULTILAYER,5,0.0001,False
1,44,0.8736585096008194,0.0,ej3/data/TP3_ej1_XOR.csv,2,"[2, 10, 10, 10, 2]",LOGISTIC,0.1,1,LOGISTIC,QUADRATIC_MULTILAYER,5,0.0001,False
1,45,0.8685069433340487,0.0,ej3/data/TP3_ej1_XOR.csv,2,"[2, 10, 10, 10, 2]",LOGISTIC,0.1,1,LOGISTIC,QUADRATIC_MULTILAYER,5,0.0001,False
1,46,0.8631455321496827,0.0,ej3/data/TP3_ej1_XOR.csv,2,"[2, 10, 10, 10, 2]",LOGISTIC,0.1,1,LOGISTIC,QUADRATIC_MULTILAYER,5,0.0001,False
1,47,0.8575528354454082,0.0,ej3/data/TP3_ej1_XOR.csv,2,"[2, 10, 10, 10, 2]",LOGISTIC,0.1,1,LOGISTIC,QUADRATIC_MULTILAYER,5,0.0001,False
1,48,0.8517051133087628,0.0,ej3/data/TP3_ej1_XOR.csv,2,"[2, 10, 10, 10, 2]",LOGISTIC,0.1,1,LOGISTIC,QUADRATIC_MULTILAYER,5,0.0001,False
1,49,0.8455763363307903,0.0,ej3/data/TP3_ej1_XOR.csv,2,"[2, 10, 10, 10, 2]",LOGISTIC,0.1,1,LOGISTIC,QUADRATIC_MULTILAYER,5,0.0001,False
1,50,0.8391383483989113,0.0,ej3/data/TP3_ej1_XOR.csv,2,"[2, 10, 10, 10, 2]",LOGISTIC,0.1,1,LOGISTIC,QUADRATIC_MULTILAYER,5,0.0001,False
1,51,0.8323612538202316,0.0,ej3/data/TP3_ej1_XOR.csv,2,"[2, 10, 10, 10, 2]",LOGISTIC,0.1,1,LOGISTIC,QUADRATIC_MULTILAYER,5,0.0001,False
1,52,0.8252141157183391,0.0,ej3/data/TP3_ej1_XOR.csv,2,"[2, 10, 10, 10, 2]",LOGISTIC,0.1,1,LOGISTIC,QUADRATIC_MULTILAYER,5,0.0001,False
1,53,0.817666061069628,0.0,ej3/data/TP3_ej1_XOR.csv,2,"[2, 10, 10, 10, 2]",LOGISTIC,0.1,1,LOGISTIC,QUADRATIC_MULTILAYER,5,0.0001,False
1,54,0.8096878788014114,0.0,ej3/data/TP3_ej1_XOR.csv,2,"[2, 10, 10, 10, 2]",LOGISTIC,0.1,1,LOGISTIC,QUADRATIC_MULTILAYER,5,0.0001,False
1,55,0.8012541564182946,0.0,ej3/data/TP3_ej1_XOR.csv,2,"[2, 10, 10, 10, 2]",LOGISTIC,0.1,1,LOGISTIC,QUADRATIC_MULTILAYER,5,0.0001,False
1,56,0.7923459110131529,0.0,ej3/data/TP3_ej1_XOR.csv,2,"[2, 10, 10, 10, 2]",LOGISTIC,0.1,1,LOGISTIC,QUADRATIC_MULTILAYER,5,0.0001,False
1,57,0.7829535212256815,0.0,ej3/data/TP3_ej1_XOR.csv,2,"[2, 10, 10, 10, 2]",LOGISTIC,0.1,1,LOGISTIC,QUADRATIC_MULTILAYER,5,0.0001,False
1,58,0.7730795666536495,0.0,ej3/data/TP3_ej1_XOR.csv,2,"[2, 10, 10, 10, 2]",LOGISTIC,0.1,1,LOGISTIC,QUADRATIC_MULTILAYER,5,0.0001,False
1,59,0.7627409771836602,0.0,ej3/data/TP3_ej1_XOR.csv,2,"[2, 10, 10, 10, 2]",LOGISTIC,0.1,1,LOGISTIC,QUADRATIC_MULTILAYER,5,0.0001,False
1,60,0.7519697802747091,0.0,ej3/data/TP3_ej1_XOR.csv,2,"[2, 10, 10, 10, 2]",LOGISTIC,0.1,1,LOGISTIC,QUADRATIC_MULTILAYER,5,0.0001,False
1,61,0.7408118284097022,0.0,ej3/data/TP3_ej1_XOR.csv,2,"[2, 10, 10, 10, 2]",LOGISTIC,0.1,1,LOGISTIC,QUADRATIC_MULTILAYER,5,0.0001,False
1,62,0.7293232700577417,0.0,ej3/data/TP3_ej1_XOR.csv,2,"[2, 10, 10, 10, 2]",LOGISTIC,0.1,1,LOGISTIC,QUADRATIC_MULTILAYER,5,0.0001,False
1,63,0.7175651446158925,0.0,ej3/data/TP3_ej1_XOR.csv,2,"[2, 10, 10, 10, 2]",LOGISTIC,0.1,1,LOGISTIC,QUADRATIC_MULTILAYER,5,0.0001,False
1,64,0.7055971156424612,0.0,ej3/data/TP3_ej1_XOR.csv,2,"[2, 10, 10, 10, 2]",LOGISTIC,0.1,1,LOGISTIC,QUADRATIC_MULTILAYER,5,0.0001,False
1,65,0.6934717037887409,0.0,ej3/data/TP3_ej1_XOR.csv,2,"[2, 10, 10, 10, 2]",LOGISTIC,0.1,1,LOGISTIC,QUADRATIC_MULTILAYER,5,0.0001,False
1,66,0.6812302413475707,0.0,ej3/data/TP3_ej1_XOR.csv,2,"[2, 10, 10, 10, 2]",LOGISTIC,0.1,1,LOGISTIC,QUADRATIC_MULTILAYER,5,0.0001,False
1,67,0.668901198518291,0.0,ej3/data/TP3_ej1_XOR.csv,2,"[2, 10, 10, 10, 2]",LOGISTIC,0.1,1,LOGISTIC,QUADRATIC_MULTILAYER,5,0.0001,False
1,68,0.6565008080979532,0.0,ej3/data/TP3_ej1_XOR.csv,2,"[2, 10, 10, 10, 2]",LOGISTIC,0.1,1,LOGISTIC,QUADRATIC_MULTILAYER,5,0.0001,False
1,69,0.6440353588581842,0.0,ej3/data/TP3_ej1_XOR.csv,2,"[2, 10, 10, 10, 2]",LOGISTIC,0.1,1,LOGISTIC,QUADRATIC_MULTILAYER,5,0.0001,False
1,70,0.631504307947488,0.0,ej3/data/TP3_ej1_XOR.csv,2,"[2, 10, 10, 10, 2]",LOGISTIC,0.1,1,LOGISTIC,QUADRATIC_MULTILAYER,5,0.0001,False
1,71,0.6189034517526306,0.0,ej3/data/TP3_ej1_XOR.csv,2,"[2, 10, 10, 10, 2]",LOGISTIC,0.1,1,LOGISTIC,QUADRATIC_MULTILAYER,5,0.0001,False
1,72,0.6062276501142593,0.0,ej3/data/TP3_ej1_XOR.csv,2,"[2, 10, 10, 10, 2]",LOGISTIC,0.1,1,LOGISTIC,QUADRATIC_MULTILAYER,5,0.0001,False
1,73,0.59347287436378,0.0,ej3/data/TP3_ej1_XOR.csv,2,"[2, 10, 10, 10, 2]",LOGISTIC,0.1,1,LOGISTIC,QUADRATIC_MULTILAYER,5,0.0001,False
1,74,0.5806375584025464,0.0,ej3/data/TP3_ej1_XOR.csv,2,"[2, 10, 10, 10, 2]",LOGISTIC,0.1,1,LOGISTIC,QUADRATIC_MULTILAYER,5,0.0001,False
1,75,0.5677233507447943,0.0,ej3/data/TP3_ej1_XOR.csv,2,"[2, 10, 10, 10, 2]",LOGISTIC,0.1,1,LOGISTIC,QUADRATIC_MULTILAYER,5,0.0001,False
1,76,0.5547354095084536,0.0,ej3/data/TP3_ej1_XOR.csv,2,"[2, 10, 10, 10, 2]",LOGISTIC,0.1,1,LOGISTIC,QUADRATIC_MULTILAYER,5,0.0001,False
1,77,0.5416823796209114,0.0,ej3/data/TP3_ej1_XOR.csv,2,"[2, 10, 10, 10, 2]",LOGISTIC,0.1,1,LOGISTIC,QUADRATIC_MULTILAYER,5,0.0001,False
1,78,0.528576166785303,0.0,ej3/data/TP3_ej1_XOR.csv,2,"[2, 10, 10, 10, 2]",LOGISTIC,0.1,1,LOGISTIC,QUADRATIC_MULTILAYER,5,0.0001,False
1,79,0.5154315924588433,0.0,ej3/data/TP3_ej1_XOR.csv,2,"[2, 10, 10, 10, 2]",LOGISTIC,0.1,1,LOGISTIC,QUADRATIC_MULTILAYER,5,0.0001,False
1,80,0.5022659868268455,0.0,ej3/data/TP3_ej1_XOR.csv,2,"[2, 10, 10, 10, 2]",LOGISTIC,0.1,1,LOGISTIC,QUADRATIC_MULTILAYER,5,0.0001,False
1,81,0.48909875573350037,0.0,ej3/data/TP3_ej1_XOR.csv,2,"[2, 10, 10, 10, 2]",LOGISTIC,0.1,1,LOGISTIC,QUADRATIC_MULTILAYER,5,0.0001,False
1,82,0.4759509429819419,0.0,ej3/data/TP3_ej1_XOR.csv,2,"[2, 10, 10, 10, 2]",LOGISTIC,0.1,1,LOGISTIC,QUADRATIC_MULTILAYER,5,0.0001,False
1,83,0.46284480025263314,0.0,ej3/data/TP3_ej1_XOR.csv,2,"[2, 10, 10, 10, 2]",LOGISTIC,0.1,1,LOGISTIC,QUADRATIC_MULTILAYER,5,0.0001,False
1,84,0.4498033716661451,0.0,ej3/data/TP3_ej1_XOR.csv,2,"[2, 10, 10, 10, 2]",LOGISTIC,0.1,1,LOGISTIC,QUADRATIC_MULTILAYER,5,0.0001,False
1,85,0.4368500973972005,0.0,ej3/data/TP3_ej1_XOR.csv,2,"[2, 10, 10, 10, 2]",LOGISTIC,0.1,1,LOGISTIC,QUADRATIC_MULTILAYER,5,0.0001,False
1,86,0.4240084396713727,0.0,ej3/data/TP3_ej1_XOR.csv,2,"[2, 10, 10, 10, 2]",LOGISTIC,0.1,1,LOGISTIC,QUADRATIC_MULTILAYER,5,0.0001,False
1,87,0.41130153418345006,0.0,ej3/data/TP3_ej1_XOR.csv,2,"[2, 10, 10, 10, 2]",LOGISTIC,0.1,1,LOGISTIC,QUADRATIC_MULTILAYER,5,0.0001,False
1,88,0.3987518699653959,0.0,ej3/data/TP3_ej1_XOR.csv,2,"[2, 10, 10, 10, 2]",LOGISTIC,0.1,1,LOGISTIC,QUADRATIC_MULTILAYER,5,0.0001,False
1,89,0.38638100070191617,0.0,ej3/data/TP3_ej1_XOR.csv,2,"[2, 10, 10, 10, 2]",LOGISTIC,0.1,1,LOGISTIC,QUADRATIC_MULTILAYER,5,0.0001,False
1,90,0.37420929028869504,0.0,ej3/data/TP3_ej1_XOR.csv,2,"[2, 10, 10, 10, 2]",LOGISTIC,0.1,1,LOGISTIC,QUADRATIC_MULTILAYER,5,0.0001,False
1,91,0.3622556949983272,0.0,ej3/data/TP3_ej1_XOR.csv,2,"[2, 10, 10, 10, 2]",LOGISTIC,0.1,1,LOGISTIC,QUADRATIC_MULTILAYER,5,0.0001,False
1,92,0.3505375839723105,0.0,ej3/data/TP3_ej1_XOR.csv,2,"[2, 10, 10, 10, 2]",LOGISTIC,0.1,1,LOGISTIC,QUADRATIC_MULTILAYER,5,0.0001,False
1,93,0.33907059894261016,0.0,ej3/data/TP3_ej1_XOR.csv,2,"[2, 10, 10, 10, 2]",LOGISTIC,0.1,1,LOGISTIC,QUADRATIC_MULTILAYER,5,0.0001,False
1,94,0.32786855317060426,0.0,ej3/data/TP3_ej1_XOR.csv,2,"[2, 10, 10, 10, 2]",LOGISTIC,0.1,1,LOGISTIC,QUADRATIC_MULTILAYER,5,0.0001,False
1,95,0.31694336864704836,0.0,ej3/data/TP3_ej1_XOR.csv,2,"[2, 10, 10, 10, 2]",LOGISTIC,0.1,1,LOGISTIC,QUADRATIC_MULTILAYER,5,0.0001,False
1,96,0.3063050496921716,0.0,ej3/data/TP3_ej1_XOR.csv,2,"[2, 10, 10, 10, 2]",LOGISTIC,0.1,1,LOGISTIC,QUADRATIC_MULTILAYER,5,0.0001,False
1,97,0.29596169028760816,0.0,ej3/data/TP3_ej1_XOR.csv,2,"[2, 10, 10, 10, 2]",LOGISTIC,0.1,1,LOGISTIC,QUADRATIC_MULTILAYER,5,0.0001,False
1,98,0.2859195118048582,0.0,ej3/data/TP3_ej1_XOR.csv,2,"[2, 10, 10, 10, 2]",LOGISTIC,0.1,1,LOGISTIC,QUADRATIC_MULTILAYER,5,0.0001,False
1,99,0.2761829272960458,0.0,ej3/data/TP3_ej1_XOR.csv,2,"[2, 10, 10, 10, 2]",LOGISTIC,0.1,1,LOGISTIC,QUADRATIC_MULTILAYER,5,0.0001,False
1,100,0.2667546281940522,0.0,ej3/data/TP3_ej1_XOR.csv,2,"[2, 10, 10, 10, 2]",LOGISTIC,0.1,1,LOGISTIC,QUADRATIC_MULTILAYER,5,0.0001,False
1,101,0.25763568912902723,0.0,ej3/data/TP3_ej1_XOR.csv,2,"[2, 10, 10, 10, 2]",LOGISTIC,0.1,1,LOGISTIC,QUADRATIC_MULTILAYER,5,0.0001,False
1,102,0.24882568659371096,0.0,ej3/data/TP3_ej1_XOR.csv,2,"[2, 10, 10, 10, 2]",LOGISTIC,0.1,1,LOGISTIC,QUADRATIC_MULTILAYER,5,0.0001,False
1,103,0.24032282735928856,0.0,ej3/data/TP3_ej1_XOR.csv,2,"[2, 10, 10, 10, 2]",LOGISTIC,0.1,1,LOGISTIC,QUADRATIC_MULTILAYER,5,0.0001,False
1,104,0.23212408282970004,0.0,ej3/data/TP3_ej1_XOR.csv,2,"[2, 10, 10, 10, 2]",LOGISTIC,0.1,1,LOGISTIC,QUADRATIC_MULTILAYER,5,0.0001,False
1,105,0.22422532589585095,0.0,ej3/data/TP3_ej1_XOR.csv,2,"[2, 10, 10, 10, 2]",LOGISTIC,0.1,1,LOGISTIC,QUADRATIC_MULTILAYER,5,0.0001,False
1,106,0.21662146728255263,0.0,ej3/data/TP3_ej1_XOR.csv,2,"[2, 10, 10, 10, 2]",LOGISTIC,0.1,1,LOGISTIC,QUADRATIC_MULTILAYER,5,0.0001,False
1,107,0.20930658884271836,0.0,ej3/data/TP3_ej1_XOR.csv,2,"[2, 10, 10, 10, 2]",LOGISTIC,0.1,1,LOGISTIC,QUADRATIC_MULTILAYER,5,0.0001,False
1,108,0.20227407172124998,0.0,ej3/data/TP3_ej1_XOR.csv,2,"[2, 10, 10, 10, 2]",LOGISTIC,0.1,1,LOGISTIC,QUADRATIC_MULTILAYER,5,0.0001,False
1,109,0.19551671776531213,0.0,ej3/data/TP3_ej1_XOR.csv,2,"[2, 10, 10, 10, 2]",LOGISTIC,0.1,1,LOGISTIC,QUADRATIC_MULTILAYER,5,0.0001,False
1,110,0.18902686298296134,0.0,ej3/data/TP3_ej1_XOR.csv,2,"[2, 10, 10, 10, 2]",LOGISTIC,0.1,1,LOGISTIC,QUADRATIC_MULTILAYER,5,0.0001,False
1,111,0.18279648223759587,0.0,ej3/data/TP3_ej1_XOR.csv,2,"[2, 10, 10, 10, 2]",LOGISTIC,0.1,1,LOGISTIC,QUADRATIC_MULTILAYER,5,0.0001,False
1,112,0.17681728470469482,0.0,ej3/data/TP3_ej1_XOR.csv,2,"[2, 10, 10, 10, 2]",LOGISTIC,0.1,1,LOGISTIC,QUADRATIC_MULTILAYER,5,0.0001,False
1,113,0.17108079990670969,0.0,ej3/data/TP3_ej1_XOR.csv,2,"[2, 10, 10, 10, 2]",LOGISTIC,0.1,1,LOGISTIC,QUADRATIC_MULTILAYER,5,0.0001,False
1,114,0.1655784543814935,0.0,ej3/data/TP3_ej1_XOR.csv,2,"[2, 10, 10, 10, 2]",LOGISTIC,0.1,1,LOGISTIC,QUADRATIC_MULTILAYER,5,0.0001,False
1,115,0.16030163923132665,0.0,ej3/data/TP3_ej1_XOR.csv,2,"[2, 10, 10, 10, 2]",LOGISTIC,0.1,1,LOGISTIC,QUADRATIC_MULTILAYER,5,0.0001,False
1,116,0.15524176894696734,0.0,ej3/data/TP3_ej1_XOR.csv,2,"[2, 10, 10, 10, 2]",LOGISTIC,0.1,1,LOGISTIC,QUADRATIC_MULTILAYER,5,0.0001,False
1,117,0.15039033200882035,0.0,ej3/data/TP3_ej1_XOR.csv,2,"[2, 10, 10, 10, 2]",LOGISTIC,0.1,1,LOGISTIC,QUADRATIC_MULTILAYER,5,0.0001,False
1,118,0.1457389338403861,0.0,ej3/data/TP3_ej1_XOR.csv,2,"[2, 10, 10, 10, 2]",LOGISTIC,0.1,1,LOGISTIC,QUADRATIC_MULTILAYER,5,0.0001,False
1,119,0.1412793327329142,0.0,ej3/data/TP3_ej1_XOR.csv,2,"[2, 10, 10, 10, 2]",LOGISTIC,0.1,1,LOGISTIC,QUADRATIC_MULTILAYER,5,0.0001,False
1,120,0.13700346937975258,0.0,ej3/data/TP3_ej1_XOR.csv,2,"[2, 10, 10, 10, 2]",LOGISTIC,0.1,1,LOGISTIC,QUADRATIC_MULTILAYER,5,0.0001,False
1,121,0.13290349065908852,0.0,ej3/data/TP3_ej1_XOR.csv,2,"[2, 10, 10, 10, 2]",LOGISTIC,0.1,1,LOGISTIC,QUADRATIC_MULTILAYER,5,0.0001,False
1,122,0.12897176828896015,0.0,ej3/data/TP3_ej1_XOR.csv,2,"[2, 10, 10, 10, 2]",LOGISTIC,0.1,1,LOGISTIC,QUADRATIC_MULTILAYER,5,0.0001,False
1,123,0.1252009129523874,0.0,ej3/data/TP3_ej1_XOR.csv,2,"[2, 10, 10, 10, 2]",LOGISTIC,0.1,1,LOGISTIC,QUADRATIC_MULTILAYER,5,0.0001,False
1,124,0.1215837844565226,0.0,ej3/data/TP3_ej1_XOR.csv,2,"[2, 10, 10, 10, 2]",LOGISTIC,0.1,1,LOGISTIC,QUADRATIC_MULTILAYER,5,0.0001,False
1,125,0.11811349845057562,0.0,ej3/data/TP3_ej1_XOR.csv,2,"[2, 10, 10, 10, 2]",LOGISTIC,0.1,1,LOGISTIC,QUADRATIC_MULTILAYER,5,0.0001,False
1,126,0.11478343018515422,0.0,ej3/data/TP3_ej1_XOR.csv,2,"[2, 10, 10, 10, 2]",LOGISTIC,0.1,1,LOGISTIC,QUADRATIC_MULTILAYER,5,0.0001,False
1,127,0.11158721575236077,0.0,ej3/data/TP3_ej1_XOR.csv,2,"[2, 10, 10, 10, 2]",LOGISTIC,0.1,1,LOGISTIC,QUADRATIC_MULTILAYER,5,0.0001,False
1,128,0.10851875120286891,0.0,ej3/data/TP3_ej1_XOR.csv,2,"[2, 10, 10, 10, 2]",LOGISTIC,0.1,1,LOGISTIC,QUADRATIC_MULTILAYER,5,0.0001,False
1,129,0.10557218989428745,0.0,ej3/data/TP3_ej1_XOR.csv,2,"[2, 10, 10, 10, 2]",LOGISTIC,0.1,1,LOGISTIC,QUADRATIC_MULTILAYER,5,0.0001,False
1,130,0.10274193838514872,0.0,ej3/data/TP3_ej1_XOR.csv,2,"[2, 10, 10, 10, 2]",LOGISTIC,0.1,1,LOGISTIC,QUADRATIC_MULTILAYER,5,0.0001,False
1,131,0.10002265115132448,0.0,ej3/data/TP3_ej1_XOR.csv,2,"[2, 10, 10, 10, 2]",LOGISTIC,0.1,1,LOGISTIC,QUADRATIC_MULTILAYER,5,0.0001,False
1,132,0.0974092243668841,0.0,ej3/data/TP3_ej1_XOR.csv,2,"[2, 10, 10, 10, 2]",LOGISTIC,0.1,1,LOGISTIC,QUADRATIC_MULTILAYER,5,0.0001,False
1,133,0.09489678895951757,0.0,ej3/data/TP3_ej1_XOR.csv,2,"[2, 10, 10, 10, 2]",LOGISTIC,0.1,1,LOGISTIC,QUADRATIC_MULTILAYER,5,0.0001,False
1,134,0.09248070312168727,0.0,ej3/data/TP3_ej1_XOR.csv,2,"[2, 10, 10, 10, 2]",LOGISTIC,0.1,1,LOGISTIC,QUADRATIC_MULTILAYER,5,0.0001,False
1,135,0.09015654443260457,0.0,ej3/data/TP3_ej1_XOR.csv,2,"[2, 10, 10, 10, 2]",LOGISTIC,0.1,1,LOGISTIC,QUADRATIC_MULTILAYER,5,0.0001,False
1,136,0.08792010172283803,0.0,ej3/data/TP3_ej1_XOR.csv,2,"[2, 10, 10, 10, 2]",LOGISTIC,0.1,1,LOGISTIC,QUADRATIC_MULTILAYER,5,0.0001,False
1,137,0.0857673667926898,0.0,ej3/data/TP3_ej1_XOR.csv,2,"[2, 10, 10, 10, 2]",LOGISTIC,0.1,1,LOGISTIC,QUADRATIC_MULTILAYER,5,0.0001,False
1,138,0.08369452607726004,0.0,ej3/data/TP3_ej1_XOR.csv,2,"[2, 10, 10, 10, 2]",LOGISTIC,0.1,1,LOGISTIC,QUADRATIC_MULTILAYER,5,0.0001,False
1,139,0.08169795233514958,0.0,ej3/data/TP3_ej1_XOR.csv,2,"[2, 10, 10, 10, 2]",LOGISTIC,0.1,1,LOGISTIC,QUADRATIC_MULTILAYER,5,0.0001,False
1,140,0.0797741964238415,0.0,ej3/data/TP3_ej1_XOR.csv,2,"[2, 10, 10, 10, 2]",LOGISTIC,0.1,1,LOGISTIC,QUADRATIC_MULTILAYER,5,0.0001,False
1,141,0.0779199792127418,0.0,ej3/data/TP3_ej1_XOR.csv,2,"[2, 10, 10, 10, 2]",LOGISTIC,0.1,1,LOGISTIC,QUADRATIC_MULTILAYER,5,0.0001,False
1,142,0.07613218367447074,0.0,ej3/data/TP3_ej1_XOR.csv,2,"[2, 10, 10, 10, 2]",LOGISTIC,0.1,1,LOGISTIC,QUADRATIC_MULTILAYER,5,0.0001,False
1,143,0.07440784718608572,0.0,ej3/data/TP3_ej1_XOR.csv,2,"[2, 10, 10, 10, 2]",LOGISTIC,0.1,1,LOGISTIC,QUADRATIC_MULTILAYER,5,0.0001,False
1,144,0.07274415406432899,0.0,ej3/data/TP3_ej1_XOR.csv,2,"[2, 10, 10, 10, 2]",LOGISTIC,0.1,1,LOGISTIC,QUADRATIC_MULTILAYER,5,0.0001,False
1,145,0.0711384283525507,0.0,ej3/data/TP3_ej1_XOR.csv,2,"[2, 10, 10, 10, 2]",LOGISTIC,0.1,1,LOGISTIC,QUADRATIC_MULTILAYER,5,0.0001,False
1,146,0.06958812687154232,0.0,ej3/data/TP3_ej1_XOR.csv,2,"[2, 10, 10, 10, 2]",LOGISTIC,0.1,1,LOGISTIC,QUADRATIC_MULTILAYER,5,0.0001,False
1,147,0.06809083254197679,0.0,ej3/data/TP3_ej1_XOR.csv,2,"[2, 10, 10, 10, 2]",LOGISTIC,0.1,1,LOGISTIC,QUADRATIC_MULTILAYER,5,0.0001,False
1,148,0.06664424798238108,0.0,ej3/data/TP3_ej1_XOR.csv,2,"[2, 10, 10, 10, 2]",LOGISTIC,0.1,1,LOGISTIC,QUADRATIC_MULTILAYER,5,0.0001,False
1,149,0.06524618938346834,0.0,ej3/data/TP3_ej1_XOR.csv,2,"[2, 10, 10, 10, 2]",LOGISTIC,0.1,1,LOGISTIC,QUADRATIC_MULTILAYER,5,0.0001,False
1,150,0.06389458065711759,0.0,ej3/data/TP3_ej1_XOR.csv,2,"[2, 10, 10, 10, 2]",LOGISTIC,0.1,1,LOGISTIC,QUADRATIC_MULTILAYER,5,0.0001,False
1,151,0.06258744785624817,0.0,ej3/data/TP3_ej1_XOR.csv,2,"[2, 10, 10, 10, 2]",LOGISTIC,0.1,1,LOGISTIC,QUADRATIC_MULTILAYER,5,0.0001,False
1,152,0.06132291386021387,0.0,ej3/data/TP3_ej1_XOR.csv,2,"[2, 10, 10, 10, 2]",LOGISTIC,0.1,1,LOGISTIC,QUADRATIC_MULTILAYER,5,0.0001,False
1,153,0.06009919331906577,0.0,ej3/data/TP3_ej1_XOR.csv,2,"[2, 10, 10, 10, 2]",LOGISTIC,0.1,1,LOGISTIC,QUADRATIC_MULTILAYER,5,0.0001,False
1,154,0.05891458784906918,0.0,ej3/data/TP3_ej1_XOR.csv,2,"[2, 10, 10, 10, 2]",LOGISTIC,0.1,1,LOGISTIC,QUADRATIC_MULTILAYER,5,0.0001,False
1,155,0.05776748147113751,0.0,ej3/data/TP3_ej1_XOR.csv,2,"[2, 10, 10, 10, 2]",LOGISTIC,0.1,1,LOGISTIC,QUADRATIC_MULTILAYER,5,0.0001,False
1,156,0.056656336283346105,0.0,ej3/data/TP3_ej1_XOR.csv,2,"[2, 10, 10, 10, 2]",LOGISTIC,0.1,1,LOGISTIC,QUADRATIC_MULTILAYER,5,0.0001,False
1,157,0.05557968835835397,0.0,ej3/data/TP3_ej1_XOR.csv,2,"[2, 10, 10, 10, 2]",LOGISTIC,0.1,1,LOGISTIC,QUADRATIC_MULTILAYER,5,0.0001,False
1,158,0.05453614385638292,0.0,ej3/data/TP3_ej1_XOR.csv,2,"[2, 10, 10, 10, 2]",LOGISTIC,0.1,1,LOGISTIC,QUADRATIC_MULTILAYER,5,0.0001,False
1,159,0.05352437534433399,0.0,ej3/data/TP3_ej1_XOR.csv,2,"[2, 10, 10, 10, 2]",LOGISTIC,0.1,1,LOGISTIC,QUADRATIC_MULTILAYER,5,0.0001,False
1,160,0.05254311831165788,0.0,ej3/data/TP3_ej1_XOR.csv,2,"[2, 10, 10, 10, 2]",LOGISTIC,0.1,1,LOGISTIC,QUADRATIC_MULTILAYER,5,0.0001,False
1,161,0.051591167873704165,0.0,ej3/data/TP3_ej1_XOR.csv,2,"[2, 10, 10, 10, 2]",LOGISTIC,0.1,1,LOGISTIC,QUADRATIC_MULTILAYER,5,0.0001,False
1,162,0.050667375653447005,0.0,ej3/data/TP3_ej1_XOR.csv,2,"[2, 10, 10, 10, 2]",LOGISTIC,0.1,1,LOGISTIC,QUADRATIC_MULTILAYER,5,0.0001,False
1,163,0.04977064683270671,0.0,ej3/data/TP3_ej1_XOR.csv,2,"[2, 10, 10, 10, 2]",LOGISTIC,0.1,1,LOGISTIC,QUADRATIC_MULTILAYER,5,0.0001,False
1,164,0.04889993736424254,0.0,ej3/data/TP3_ej1_XOR.csv,2,"[2, 10, 10, 10, 2]",LOGISTIC,0.1,1,LOGISTIC,QUADRATIC_MULTILAYER,5,0.0001,False
1,165,0.048054251336381595,0.0,ej3/data/TP3_ej1_XOR.csv,2,"[2, 10, 10, 10, 2]",LOGISTIC,0.1,1,LOGISTIC,QUADRATIC_MULTILAYER,5,0.0001,False
1,166,0.04723263848214616,0.0,ej3/data/TP3_ej1_XOR.csv,2,"[2, 10, 10, 10, 2]",LOGISTIC,0.1,1,LOGISTIC,QUADRATIC_MULTILAYER,5,0.0001,False
1,167,0.04643419182516643,0.0,ej3/data/TP3_ej1_XOR.csv,2,"[2, 10, 10, 10, 2]",LOGISTIC,0.1,1,LOGISTIC,QUADRATIC_MULTILAYER,5,0.0001,False
1,168,0.04565804545498582,0.0,ej3/data/TP3_ej1_XOR.csv,2,"[2, 10, 10, 10, 2]",LOGISTIC,0.1,1,LOGISTIC,QUADRATIC_MULTILAYER,5,0.0001,False
1,169,0.044903372424694936,0.0,ej3/data/TP3_ej1_XOR.csv,2,"[2, 10, 10, 10, 2]",LOGISTIC,0.1,1,LOGISTIC,QUADRATIC_MULTILAYER,5,0.0001,False
1,170,0.04416938276415781,0.0,ej3/data/TP3_ej1_XOR.csv,2,"[2, 10, 10, 10, 2]",LOGISTIC,0.1,1,LOGISTIC,QUADRATIC_MULTILAYER,5,0.0001,False
1,171,0.04345532160241512,0.0,ej3/data/TP3_ej1_XOR.csv,2,"[2, 10, 10, 10, 2]",LOGISTIC,0.1,1,LOGISTIC,QUADRATIC_MULTILAYER,5,0.0001,False
1,172,0.04276046739317022,0.0,ej3/data/TP3_ej1_XOR.csv,2,"[2, 10, 10, 10, 2]",LOGISTIC,0.1,1,LOGISTIC,QUADRATIC_MULTILAYER,5,0.0001,False
1,173,0.04208413023756935,0.0,ej3/data/TP3_ej1_XOR.csv,2,"[2, 10, 10, 10, 2]",LOGISTIC,0.1,1,LOGISTIC,QUADRATIC_MULTILAYER,5,0.0001,False
1,174,0.04142565029879091,0.0,ej3/data/TP3_ej1_XOR.csv,2,"[2, 10, 10, 10, 2]",LOGISTIC,0.1,1,LOGISTIC,QUADRATIC_MULTILAYER,5,0.0001,False
1,175,0.04078439630324817,0.0,ej3/data/TP3_ej1_XOR.csv,2,"[2, 10, 10, 10, 2]",LOGISTIC,0.1,1,LOGISTIC,QUADRATIC_MULTILAYER,5,0.0001,False
1,176,0.04015976412349004,0.0,ej3/data/TP3_ej1_XOR.csv,2,"[2, 10, 10, 10, 2]",LOGISTIC,0.1,1,LOGISTIC,QUADRATIC_MULTILAYER,5,0.0001,False
1,177,0.03955117543815357,0.0,ej3/data/TP3_ej1_XOR.csv,2,"[2, 10, 10, 10, 2]",LOGISTIC,0.1,1,LOGISTIC,QUADRATIC_MULTILAYER,5,0.0001,False
1,178,0.03895807646457717,0.0,ej3/data/TP3_ej1_XOR.csv,2,"[2, 10, 10, 10, 2]",LOGISTIC,0.1,1,LOGISTIC,QUADRATIC_MULTILAYER,5,0.0001,False
1,179,0.03837993675993257,0.0,ej3/data/TP3_ej1_XOR.csv,2,"[2, 10, 10, 10, 2]",LOGISTIC,0.1,1,LOGISTIC,QUADRATIC_MULTILAYER,5,0.0001,False
1,180,0.03781624808696346,0.0,ej3/data/TP3_ej1_XOR.csv,2,"[2, 10, 10, 10, 2]",LOGISTIC,0.1,1,LOGISTIC,QUADRATIC_MULTILAYER,5,0.0001,False
1,181,0.03726652334064558,0.0,ej3/data/TP3_ej1_XOR.csv,2,"[2, 10, 10, 10, 2]",LOGISTIC,0.1,1,LOGISTIC,QUADRATIC_MULTILAYER,5,0.0001,False
1,182,0.03673029553229032,0.0,ej3/data/TP3_ej1_XOR.csv,2,"[2, 10, 10, 10, 2]",LOGISTIC,0.1,1,LOGISTIC,QUADRATIC_MULTILAYER,5,0.0001,False
1,183,0.03620711682781759,0.0,ej3/data/TP3_ej1_XOR.csv,2,"[2, 10, 10, 10, 2]",LOGISTIC,0.1,1,LOGISTIC,QUADRATIC_MULTILAYER,5,0.0001,False
1,184,0.035696557637112436,0.0,ej3/data/TP3_ej1_XOR.csv,2,"[2, 10, 10, 10, 2]",LOGISTIC,0.1,1,LOGISTIC,QUADRATIC_MULTILAYER,5,0.0001,False
1,185,0.03519820575155777,0.0,ej3/data/TP3_ej1_XOR.csv,2,"[2, 10, 10, 10, 2]",LOGISTIC,0.1,1,LOGISTIC,QUADRATIC_MULTILAYER,5,0.0001,False
1,186,0.03471166552700842,0.0,ej3/data/TP3_ej1_XOR.csv,2,"[2, 10, 10, 10, 2]",LOGISTIC,0.1,1,LOGISTIC,QUADRATIC_MULTILAYER,5,0.0001,False
1,187,0.03423655710962934,0.0,ej3/data/TP3_ej1_XOR.csv,2,"[2, 10, 10, 10, 2]",LOGISTIC,0.1,1,LOGISTIC,QUADRATIC_MULTILAYER,5,0.0001,False
1,188,0.03377251570217352,0.0,ej3/data/TP3_ej1_XOR.csv,2,"[2, 10, 10, 10, 2]",LOGISTIC,0.1,1,LOGISTIC,QUADRATIC_MULTILAYER,5,0.0001,False
1,189,0.03331919086841609,0.0,ej3/data/TP3_ej1_XOR.csv,2,"[2, 10, 10, 10, 2]",LOGISTIC,0.1,1,LOGISTIC,QUADRATIC_MULTILAYER,5,0.0001,False
1,190,0.03287624587359735,0.0,ej3/data/TP3_ej1_XOR.csv,2,"[2, 10, 10, 10, 2]",LOGISTIC,0.1,1,LOGISTIC,QUADRATIC_MULTILAYER,5,0.0001,False
1,191,0.032443357058852505,0.0,ej3/data/TP3_ej1_XOR.csv,2,"[2, 10, 10, 10, 2]",LOGISTIC,0.1,1,LOGISTIC,QUADRATIC_MULTILAYER,5,0.0001,False
1,192,0.03202021324772535,0.0,ej3/data/TP3_ej1_XOR.csv,2,"[2, 10, 10, 10, 2]",LOGISTIC,0.1,1,LOGISTIC,QUADRATIC_MULTILAYER,5,0.0001,False
1,193,0.03160651518297519,0.0,ej3/data/TP3_ej1_XOR.csv,2,"[2, 10, 10, 10, 2]",LOGISTIC,0.1,1,LOGISTIC,QUADRATIC_MULTILAYER,5,0.0001,False
1,194,0.031201974991991944,0.0,ej3/data/TP3_ej1_XOR.csv,2,"[2, 10, 10, 10, 2]",LOGISTIC,0.1,1,LOGISTIC,QUADRATIC_MULTILAYER,5,0.0001,False
1,195,0.030806315679233004,0.0,ej3/data/TP3_ej1_XOR.csv,2,"[2, 10, 10, 10, 2]",LOGISTIC,0.1,1,LOGISTIC,QUADRATIC_MULTILAYER,5,0.0001,False
1,196,0.030419270644188662,0.0,ej3/data/TP3_ej1_XOR.csv,2,"[2, 10, 10, 10, 2]",LOGISTIC,0.1,1,LOGISTIC,QUADRATIC_MULTILAYER,5,0.0001,False
1,197,0.030040583223471314,0.0,ej3/data/TP3_ej1_XOR.csv,2,"[2, 10, 10, 10, 2]",LOGISTIC,0.1,1,LOGISTIC,QUADRATIC_MULTILAYER,5,0.0001,False
1,198,0.02967000625570429,0.0,ej3/data/TP3_ej1_XOR.csv,2,"[2, 10, 10, 10, 2]",LOGISTIC,0.1,1,LOGISTIC,QUADRATIC_MULTILAYER,5,0.0001,False
1,199,0.02930730166796576,0.0,ej3/data/TP3_ej1_XOR.csv,2,"[2, 10, 10, 10, 2]",LOGISTIC,0.1,1,LOGISTIC,QUADRATIC_MULTILAYER,5,0.0001,False
1,200,0.02895224008261375,0.0,ej3/data/TP3_ej1_XOR.csv,2,"[2, 10, 10, 10, 2]",LOGISTIC,0.1,1,LOGISTIC,QUADRATIC_MULTILAYER,5,0.0001,False
1,201,0.02860460044338758,0.0,ej3/data/TP3_ej1_XOR.csv,2,"[2, 10, 10, 10, 2]",LOGISTIC,0.1,1,LOGISTIC,QUADRATIC_MULTILAYER,5,0.0001,False
1,202,0.028264169659745805,0.0,ej3/data/TP3_ej1_XOR.csv,2,"[2, 10, 10, 10, 2]",LOGISTIC,0.1,1,LOGISTIC,QUADRATIC_MULTILAYER,5,0.0001,False
1,203,0.027930742268459218,0.0,ej3/data/TP3_ej1_XOR.csv,2,"[2, 10, 10, 10, 2]",LOGISTIC,0.1,1,LOGISTIC,QUADRATIC_MULTILAYER,5,0.0001,False
1,204,0.02760412011153674,0.0,ej3/data/TP3_ej1_XOR.csv,2,"[2, 10, 10, 10, 2]",LOGISTIC,0.1,1,LOGISTIC,QUADRATIC_MULTILAYER,5,0.0001,False
1,205,0.027284112029611535,0.0,ej3/data/TP3_ej1_XOR.csv,2,"[2, 10, 10, 10, 2]",LOGISTIC,0.1,1,LOGISTIC,QUADRATIC_MULTILAYER,5,0.0001,False
1,206,0.026970533569969292,0.0,ej3/data/TP3_ej1_XOR.csv,2,"[2, 10, 10, 10, 2]",LOGISTIC,0.1,1,LOGISTIC,QUADRATIC_MULTILAYER,5,0.0001,False
1,207,0.02666320670844382,0.0,ej3/data/TP3_ej1_XOR.csv,2,"[2, 10, 10, 10, 2]",LOGISTIC,0.1,1,LOGISTIC,QUADRATIC_MULTILAYER,5,0.0001,False
1,208,0.026361959584449965,0.0,ej3/data/TP3_ej1_XOR.csv,2,"[2, 10, 10, 10, 2]",LOGISTIC,0.1,1,LOGISTIC,QUADRATIC_MULTILAYER,5,0.0001,False
1,209,0.026066626248468193,0.0,ej3/data/TP3_ej1_XOR.csv,2,"[2, 10, 10, 10, 2]",LOGISTIC,0.1,1,LOGISTIC,QUADRATIC_MULTILAYER,5,0.0001,False
1,210,0.025777046421329476,0.0,ej3/data/TP3_ej1_XOR.csv,2,"[2, 10, 10, 10, 2]",LOGISTIC,0.1,1,LOGISTIC,QUADRATIC_MULTILAYER,5,0.0001,False
1,211,0.025493065264689897,0.0,ej3/data/TP3_ej1_XOR.csv,2,"[2, 10, 10, 10, 2]",LOGISTIC,0.1,1,LOGISTIC,QUADRATIC_MULTILAYER,5,0.0001,False
1,212,0.025214533162116946,0.0,ej3/data/TP3_ej1_XOR.csv,2,"[2, 10, 10, 10, 2]",LOGISTIC,0.1,1,LOGISTIC,QUADRATIC_MULTILAYER,5,0.0001,False
1,213,0.024941305510241072,0.0,ej3/data/TP3_ej1_XOR.csv,2,"[2, 10, 10, 10, 2]",LOGISTIC,0.1,1,LOGISTIC,QUADRATIC_MULTILAYER,5,0.0001,False
1,214,0.024673242519459737,0.0,ej3/data/TP3_ej1_XOR.csv,2,"[2, 10, 10, 10, 2]",LOGISTIC,0.1,1,LOGISTIC,QUADRATIC_MULTILAYER,5,0.0001,False
1,215,0.02441020902370525,0.0,ej3/data/TP3_ej1_XOR.csv,2,"[2, 10, 10, 10, 2]",LOGISTIC,0.1,1,LOGISTIC,QUADRATIC_MULTILAYER,5,0.0001,False
1,216,0.0241520742988188,0.0,ej3/data/TP3_ej1_XOR.csv,2,"[2, 10, 10, 10, 2]",LOGISTIC,0.1,1,LOGISTIC,QUADRATIC_MULTILAYER,5,0.0001,False
1,217,0.023898711889096785,0.0,ej3/data/TP3_ej1_XOR.csv,2,"[2, 10, 10, 10, 2]",LOGISTIC,0.1,1,LOGISTIC,QUADRATIC_MULTILAYER,5,0.0001,False
1,218,0.0236499994415978,0.0,ej3/data/TP3_ej1_XOR.csv,2,"[2, 10, 10, 10, 2]",LOGISTIC,0.1,1,LOGISTIC,QUADRATIC_MULTILAYER,5,0.0001,False
1,219,0.023405818547824753,0.0,ej3/data/TP3_ej1_XOR.csv,2,"[2, 10, 10, 10, 2]",LOGISTIC,0.1,1,LOGISTIC,QUADRATIC_MULTILAYER,5,0.0001,False
1,220,0.02316605459241427,0.0,ej3/data/TP3_ej1_XOR.csv,2,"[2, 10, 10, 10, 2]",LOGISTIC,0.1,1,LOGISTIC,QUADRATIC_MULTILAYER,5,0.0001,False
1,221,0.022930596608487203,0.0,ej3/data/TP3_ej1_XOR.csv,2,"[2, 10, 10, 10, 2]",LOGISTIC,0.1,1,LOGISTIC,QUADRATIC_MULTILAYER,5,0.0001,False
1,222,0.02269933713933269,0.0,ej3/data/TP3_ej1_XOR.csv,2,"[2, 10, 10, 10, 2]",LOGISTIC,0.1,1,LOGISTIC,QUADRATIC_MULTILAYER,5,0.0001,False
1,223,0.02247217210611532,0.0,ej3/data/TP3_ej1_XOR.csv,2,"[2, 10, 10, 10, 2]",LOGISTIC,0.1,1,LOGISTIC,QUADRATIC_MULTILAYER,5,0.0001,False
1,224,0.02224900068131218,0.0,ej3/data/TP3_ej1_XOR.csv,2,"[2, 10, 10, 10, 2]",LOGISTIC,0.1,1,LOGISTIC,QUADRATIC_MULTILAYER,5,0.0001,False
1,225,0.022029725167601627,0.0,ej3/data/TP3_ej1_XOR.csv,2,"[2, 10, 10, 10, 2]",LOGISTIC,0.1,1,LOGISTIC,QUADRATIC_MULTILAYER,5,0.0001,False
1,226,0.021814250881941003,0.0,ej3/data/TP3_ej1_XOR.csv,2,"[2, 10, 10, 10, 2]",LOGISTIC,0.1,1,LOGISTIC,QUADRATIC_MULTILAYER,5,0.0001,False
1,227,0.02160248604458421,0.0,ej3/data/TP3_ej1_XOR.csv,2,"[2, 10, 10, 10, 2]",LOGISTIC,0.1,1,LOGISTIC,QUADRATIC_MULTILAYER,5,0.0001,False
1,228,0.021394341672802592,0.0,ej3/data/TP3_ej1_XOR.csv,2,"[2, 10, 10, 10, 2]",LOGISTIC,0.1,1,LOGISTIC,QUADRATIC_MULTILAYER,5,0.0001,False
1,229,0.021189731479086735,0.0,ej3/data/TP3_ej1_XOR.csv,2,"[2, 10, 10, 10, 2]",LOGISTIC,0.1,1,LOGISTIC,QUADRATIC_MULTILAYER,5,0.0001,False
1,230,0.02098857177361561,0.0,ej3/data/TP3_ej1_XOR.csv,2,"[2, 10, 10, 10, 2]",LOGISTIC,0.1,1,LOGISTIC,QUADRATIC_MULTILAYER,5,0.0001,False
1,231,0.02079078137079352,0.0,ej3/data/TP3_ej1_XOR.csv,2,"[2, 10, 10, 10, 2]",LOGISTIC,0.1,1,LOGISTIC,QUADRATIC_MULTILAYER,5,0.0001,False
1,232,0.0205962814996639,0.0,ej3/data/TP3_ej1_XOR.csv,2,"[2, 10, 10, 10, 2]",LOGISTIC,0.1,1,LOGISTIC,QUADRATIC_MULTILAYER,5,0.0001,False
1,233,0.020404995718018897,0.0,ej3/data/TP3_ej1_XOR.csv,2,"[2, 10, 10, 10, 2]",LOGISTIC,0.1,1,LOGISTIC,QUADRATIC_MULTILAYER,5,0.0001,False
1,234,0.02021684983003422,0.0,ej3/data/TP3_ej1_XOR.csv,2,"[2, 10, 10, 10, 2]",LOGISTIC,0.1,1,LOGISTIC,QUADRATIC_MULTILAYER,5,0.0001,False
1,235,0.02003177180726555,0.0,ej3/data/TP3_ej1_XOR.csv,2,"[2, 10, 10, 10, 2]",LOGISTIC,0.1,1,LOGISTIC,QUADRATIC_MULTILAYER,5,0.0001,False
1,236,0.01984969171285318,0.0,ej3/data/TP3_ej1_XOR.csv,2,"[2, 10, 10, 10, 2]",LOGISTIC,0.1,1,LOGISTIC,QUADRATIC_MULTILAYER,5,0.0001,False
1,237,0.0196705416287875,0.0,ej3/data/TP3_ej1_XOR.csv,2,"[2, 10, 10, 10, 2]",LOGISTIC,0.1,1,LOGISTIC,QUADRATIC_MULTILAYER,5,0.0001,False
1,238,0.019494255586096455,0.0,ej3/data/TP3_ej1_XOR.csv,2,"[2, 10, 10, 10, 2]",LOGISTIC,0.1,1,LOGISTIC,QUADRATIC_MULTILAYER,5,0.0001,False
1,239,0.019320769497823263,0.0,ej3/data/TP3_ej1_XOR.csv,2,"[2, 10, 10, 10, 2]",LOGISTIC,0.1,1,LOGISTIC,QUADRATIC_MULTILAYER,5,0.0001,False
1,240,0.01915002109466791,0.0,ej3/data/TP3_ej1_XOR.csv,2,"[2, 10, 10, 10, 2]",LOGISTIC,0.1,1,LOGISTIC,QUADRATIC_MULTILAYER,5,0.0001,False
1,241,0.01898194986317387,0.0,ej3/data/TP3_ej1_XOR.csv,2,"[2, 10, 10, 10, 2]",LOGISTIC,0.1,1,LOGISTIC,QUADRATIC_MULTILAYER,5,0.0001,False
1,242,0.018816496986346038,0.0,ej3/data/TP3_ej1_XOR.csv,2,"[2, 10, 10, 10, 2]",LOGISTIC,0.1,1,LOGISTIC,QUADRATIC_MULTILAYER,5,0.0001,False
1,243,0.01865360528659265,0.0,ej3/data/TP3_ej1_XOR.csv,2,"[2, 10, 10, 10, 2]",LOGISTIC,0.1,1,LOGISTIC,QUADRATIC_MULTILAYER,5,0.0001,False
1,244,0.01849321917088794,0.0,ej3/data/TP3_ej1_XOR.csv,2,"[2, 10, 10, 10, 2]",LOGISTIC,0.1,1,LOGISTIC,QUADRATIC_MULTILAYER,5,0.0001,False
1,245,0.01833528457805856,0.0,ej3/data/TP3_ej1_XOR.csv,2,"[2, 10, 10, 10, 2]",LOGISTIC,0.1,1,LOGISTIC,QUADRATIC_MULTILAYER,5,0.0001,False
1,246,0.018179748928100717,0.0,ej3/data/TP3_ej1_XOR.csv,2,"[2, 10, 10, 10, 2]",LOGISTIC,0.1,1,LOGISTIC,QUADRATIC_MULTILAYER,5,0.0001,False
1,247,0.018026561073439605,0.0,ej3/data/TP3_ej1_XOR.csv,2,"[2, 10, 10, 10, 2]",LOGISTIC,0.1,1,LOGISTIC,QUADRATIC_MULTILAYER,5,0.0001,False
1,248,0.017875671252047205,0.0,ej3/data/TP3_ej1_XOR.csv,2,"[2, 10, 10, 10, 2]",LOGISTIC,0.1,1,LOGISTIC,QUADRATIC_MULTILAYER,5,0.0001,False
1,249,0.01772703104233876,0.0,ej3/data/TP3_ej1_XOR.csv,2,"[2, 10, 10, 10, 2]",LOGISTIC,0.1,1,LOGISTIC,QUADRATIC_MULTILAYER,5,0.0001,False
1,250,0.01758059331977076,0.0,ej3/data/TP3_ej1_XOR.csv,2,"[2, 10, 10, 10, 2]",LOGISTIC,0.1,1,LOGISTIC,QUADRATIC_MULTILAYER,5,0.0001,False
1,251,0.01743631221506883,0.0,ej3/data/TP3_ej1_XOR.csv,2,"[2, 10, 10, 10, 2]",LOGISTIC,0.1,1,LOGISTIC,QUADRATIC_MULTILAYER,5,0.0001,False
1,252,0.017294143074016045,0.0,ej3/data/TP3_ej1_XOR.csv,2,"[2, 10, 10, 10, 2]",LOGISTIC,0.1,1,LOGISTIC,QUADRATIC_MULTILAYER,5,0.0001,False
1,253,0.017154042418735343,0.0,ej3/data/TP3_ej1_XOR.csv,2,"[2, 10, 10, 10, 2]",LOGISTIC,0.1,1,LOGISTIC,QUADRATIC_MULTILAYER,5,0.0001,False
1,254,0.017015967910403867,0.0,ej3/data/TP3_ej1_XOR.csv,2,"[2, 10, 10, 10, 2]",LOGISTIC,0.1,1,LOGISTIC,QUADRATIC_MULTILAYER,5,0.0001,False
1,255,0.01687987831333887,0.0,ej3/data/TP3_ej1_XOR.csv,2,"[2, 10, 10, 10, 2]",LOGISTIC,0.1,1,LOGISTIC,QUADRATIC_MULTILAYER,5,0.0001,False
1,256,0.016745733460398336,0.0,ej3/data/TP3_ej1_XOR.csv,2,"[2, 10, 10, 10, 2]",LOGISTIC,0.1,1,LOGISTIC,QUADRATIC_MULTILAYER,5,0.0001,False
1,257,0.016613494219641804,0.0,ej3/data/TP3_ej1_XOR.csv,2,"[2, 10, 10, 10, 2]",LOGISTIC,0.1,1,LOGISTIC,QUADRATIC_MULTILAYER,5,0.0001,False
1,258,0.016483122462199257,0.0,ej3/data/TP3_ej1_XOR.csv,2,"[2, 10, 10, 10, 2]",LOGISTIC,0.1,1,LOGISTIC,QUADRATIC_MULTILAYER,5,0.0001,False
1,259,0.0163545810312986,0.0,ej3/data/TP3_ej1_XOR.csv,2,"[2, 10, 10, 10, 2]",LOGISTIC,0.1,1,LOGISTIC,QUADRATIC_MULTILAYER,5,0.0001,False
1,260,0.016227833712404726,0.0,ej3/data/TP3_ej1_XOR.csv,2,"[2, 10, 10, 10, 2]",LOGISTIC,0.1,1,LOGISTIC,QUADRATIC_MULTILAYER,5,0.0001,False
1,261,0.016102845204424374,0.0,ej3/data/TP3_ej1_XOR.csv,2,"[2, 10, 10, 10, 2]",LOGISTIC,0.1,1,LOGISTIC,QUADRATIC_MULTILAYER,5,0.0001,False
1,262,0.01597958109193407,0.0,ej3/data/TP3_ej1_XOR.csv,2,"[2, 10, 10, 10, 2]",LOGISTIC,0.1,1,LOGISTIC,QUADRATIC_MULTILAYER,5,0.0001,False
1,263,0.015858007818390113,0.0,ej3/data/TP3_ej1_XOR.csv,2,"[2, 10, 10, 10, 2]",LOGISTIC,0.1,1,LOGISTIC,QUADRATIC_MULTILAYER,5,0.0001,False
1,264,0.01573809266028043,0.0,ej3/data/TP3_ej1_XOR.csv,2,"[2, 10, 10, 10, 2]",LOGISTIC,0.1,1,LOGISTIC,QUADRATIC_MULTILAYER,5,0.0001,False
1,265,0.015619803702181998,0.0,ej3/data/TP3_ej1_XOR.csv,2,"[2, 10, 10, 10, 2]",LOGISTIC,0.1,1,LOGISTIC,QUADRATIC_MULTILAYER,5,0.0001,False
1,266,0.015503109812686607,0.0,ej3/data/TP3_ej1_XOR.csv,2,"[2, 10, 10, 10, 2]",LOGISTIC,0.1,1,LOGISTIC,QUADRATIC_MULTILAYER,5,0.0001,False
1,267,0.01538798062116157,0.0,ej3/data/TP3_ej1_XOR.csv,2,"[2, 10, 10, 10, 2]",LOGISTIC,0.1,1,LOGISTIC,QUADRATIC_MULTILAYER,5,0.0001,False
1,268,0.015274386495311987,0.0,ej3/data/TP3_ej1_XOR.csv,2,"[2, 10, 10, 10, 2]",LOGISTIC,0.1,1,LOGISTIC,QUADRATIC_MULTILAYER,5,0.0001,False
1,269,0.015162298519513588,0.0,ej3/data/TP3_ej1_XOR.csv,2,"[2, 10, 10, 10, 2]",LOGISTIC,0.1,1,LOGISTIC,QUADRATIC_MULTILAYER,5,0.0001,False
1,270,0.015051688473885669,0.0,ej3/data/TP3_ej1_XOR.csv,2,"[2, 10, 10, 10, 2]",LOGISTIC,0.1,1,LOGISTIC,QUADRATIC_MULTILAYER,5,0.0001,False
1,271,0.014942528814075914,0.0,ej3/data/TP3_ej1_XOR.csv,2,"[2, 10, 10, 10, 2]",LOGISTIC,0.1,1,LOGISTIC,QUADRATIC_MULTILAYER,5,0.0001,False
1,272,0.014834792651729144,0.0,ej3/data/TP3_ej1_XOR.csv,2,"[2, 10, 10, 10, 2]",LOGISTIC,0.1,1,LOGISTIC,QUADRATIC_MULTILAYER,5,0.0001,False
1,273,0.014728453735614166,0.0,ej3/data/TP3_ej1_XOR.csv,2,"[2, 10, 10, 10, 2]",LOGISTIC,0.1,1,LOGISTIC,QUADRATIC_MULTILAYER,5,0.0001,False
1,274,0.014623486433383065,0.0,ej3/data/TP3_ej1_XOR.csv,2,"[2, 10, 10, 10, 2]",LOGISTIC,0.1,1,LOGISTIC,QUADRATIC_MULTILAYER,5,0.0001,False
1,275,0.014519865713939241,0.0,ej3/data/TP3_ej1_XOR.csv,2,"[2, 10, 10, 10, 2]",LOGISTIC,0.1,1,LOGISTIC,QUADRATIC_MULTILAYER,5,0.0001,False
1,276,0.014417567130391067,0.0,ej3/data/TP3_ej1_XOR.csv,2,"[2, 10, 10, 10, 2]",LOGISTIC,0.1,1,LOGISTIC,QUADRATIC_MULTILAYER,5,0.0001,False
1,277,0.014316566803568631,0.0,ej3/data/TP3_ej1_XOR.csv,2,"[2, 10, 10, 10, 2]",LOGISTIC,0.1,1,LOGISTIC,QUADRATIC_MULTILAYER,5,0.0001,False
1,278,0.014216841406083069,0.0,ej3/data/TP3_ej1_XOR.csv,2,"[2, 10, 10, 10, 2]",LOGISTIC,0.1,1,LOGISTIC,QUADRATIC_MULTILAYER,5,0.0001,False
1,279,0.01411836814690776,0.0,ej3/data/TP3_ej1_XOR.csv,2,"[2, 10, 10, 10, 2]",LOGISTIC,0.1,1,LOGISTIC,QUADRATIC_MULTILAYER,5,0.0001,False
1,280,0.014021124756461972,0.0,ej3/data/TP3_ej1_XOR.csv,2,"[2, 10, 10, 10, 2]",LOGISTIC,0.1,1,LOGISTIC,QUADRATIC_MULTILAYER,5,0.0001,False
1,281,0.01392508947217862,0.0,ej3/data/TP3_ej1_XOR.csv,2,"[2, 10, 10, 10, 2]",LOGISTIC,0.1,1,LOGISTIC,QUADRATIC_MULTILAYER,5,0.0001,False
1,282,0.013830241024537823,0.0,ej3/data/TP3_ej1_XOR.csv,2,"[2, 10, 10, 10, 2]",LOGISTIC,0.1,1,LOGISTIC,QUADRATIC_MULTILAYER,5,0.0001,False
1,283,0.013736558623549746,0.0,ej3/data/TP3_ej1_XOR.csv,2,"[2, 10, 10, 10, 2]",LOGISTIC,0.1,1,LOGISTIC,QUADRATIC_MULTILAYER,5,0.0001,False
1,284,0.013644021945669493,0.0,ej3/data/TP3_ej1_XOR.csv,2,"[2, 10, 10, 10, 2]",LOGISTIC,0.1,1,LOGISTIC,QUADRATIC_MULTILAYER,5,0.0001,False
1,285,0.013552611121129326,0.0,ej3/data/TP3_ej1_XOR.csv,2,"[2, 10, 10, 10, 2]",LOGISTIC,0.1,1,LOGISTIC,QUADRATIC_MULTILAYER,5,0.0001,False
1,286,0.01346230672167206,0.0,ej3/data/TP3_ej1_XOR.csv,2,"[2, 10, 10, 10, 2]",LOGISTIC,0.1,1,LOGISTIC,QUADRATIC_MULTILAYER,5,0.0001,False
1,287,0.01337308974867188,0.0,ej3/data/TP3_ej1_XOR.csv,2,"[2, 10, 10, 10, 2]",LOGISTIC,0.1,1,LOGISTIC,QUADRATIC_MULTILAYER,5,0.0001,False
1,288,0.013284941621628426,0.0,ej3/data/TP3_ej1_XOR.csv,2,"[2, 10, 10, 10, 2]",LOGISTIC,0.1,1,LOGISTIC,QUADRATIC_MULTILAYER,5,0.0001,False
1,289,0.013197844167020592,0.0,ej3/data/TP3_ej1_XOR.csv,2,"[2, 10, 10, 10, 2]",LOGISTIC,0.1,1,LOGISTIC,QUADRATIC_MULTILAYER,5,0.0001,False
1,290,0.013111779607507604,0.0,ej3/data/TP3_ej1_XOR.csv,2,"[2, 10, 10, 10, 2]",LOGISTIC,0.1,1,LOGISTIC,QUADRATIC_MULTILAYER,5,0.0001,False
1,291,0.013026730551464827,0.0,ej3/data/TP3_ej1_XOR.csv,2,"[2, 10, 10, 10, 2]",LOGISTIC,0.1,1,LOGISTIC,QUADRATIC_MULTILAYER,5,0.0001,False
1,292,0.01294267998284242,0.0,ej3/data/TP3_ej1_XOR.csv,2,"[2, 10, 10, 10, 2]",LOGISTIC,0.1,1,LOGISTIC,QUADRATIC_MULTILAYER,5,0.0001,False
